{
  "endValue": 126.55800575263663,
  "change": 0.26558005752636626
}
