global,time,income_mountain_50bracket_shape_for_log
world,1800,"0,0,4,162,1218,5456,22558,96684,379483,1191667,3161452,7303748,16190687,35096513,63337344,92518155,120626392,137463335,135938329,117616999,89894761,62255267,40381457,25009885,14815902,8344412,4678616,2660257,1486919,799226,417595,215296,112528,60047,31011,14770,6745,3344,1676,934,530,294,136,84,50,23,1,0,0,0"
world,1801,"0,0,4,160,1216,5442,22536,96613,379383,1191909,3164419,7314682,16221927,35185833,63542402,92882627,121286369,138458483,136910043,118433226,90248977,62200927,40097393,24735034,14612335,8224853,4615278,2625406,1467117,790013,413588,213257,111531,59569,30727,14606,6646,3294,1657,927,524,292,136,84,50,23,1,0,0,0"
world,1802,"0,0,4,160,1213,5427,22503,96555,379334,1192862,3171383,7340088,16283651,35313004,63766260,93196349,121664371,138809053,137224912,118699708,90496930,62442947,40333093,24944388,14783400,8338209,4684774,2671423,1496450,806955,422838,218241,114141,60897,31426,14968,6846,3394,1716,963,544,302,142,84,50,23,1,0,0,0"
world,1803,"0,0,4,159,1205,5411,22478,96535,379512,1193403,3173863,7357284,16346966,35474102,64034600,93542084,121912308,138754960,137162551,118593521,90787274,63059307,41052139,25416088,15055110,8474105,4749604,2704662,1511759,812203,424729,219238,114590,61058,31506,15013,6888,3419,1720,960,539,298,136,84,50,23,1,0,0,0"
world,1804,"0,0,4,159,1202,5399,22450,96485,379534,1200242,3235209,7611071,17117027,36981376,65867431,95255802,122887294,138009016,135416567,116486414,89536264,62930837,41642630,26078877,15512812,8780427,4922133,2807825,1569882,842299,438993,226583,118451,63115,32558,15510,7130,3551,1794,997,553,299,136,84,50,23,1,0,0,0"
world,1805,"0,0,4,159,1200,5387,22605,98127,384620,1211132,3252485,7652764,17164565,37039973,66012464,95506576,123281626,138694080,136219006,117251675,90059505,63084474,41559421,25968855,15465866,8744145,4910380,2796557,1560955,839436,439843,227375,119200,63666,32824,15625,7160,3562,1795,999,559,304,143,84,50,23,1,0,0,0"
world,1806,"0,0,4,159,1194,5374,22581,98147,384999,1213778,3265885,7715675,17372244,37514707,66742099,96565597,124433070,139725965,136752693,117290773,89672672,62653263,41226022,25752923,15327908,8664055,4872782,2777480,1549681,831484,435520,225546,118246,63027,32417,15445,7220,3602,1828,1022,574,316,148,85,50,23,1,0,0,0"
world,1807,"0,0,4,157,1191,5360,22557,98117,385047,1214714,3269251,7743504,17452308,37680054,67026343,96957029,124912510,140291299,137280315,117747740,89971077,62796959,41280623,25810827,15391977,8699089,4898008,2787036,1554074,833775,436697,225775,118390,63214,32561,15505,7239,3602,1826,1018,569,317,150,87,50,23,1,0,0,0"
world,1808,"0,0,4,156,1185,5349,22533,98137,385589,1219089,3288197,7797044,17561913,37868942,67300072,97256647,125178475,140243120,137125474,117614436,90188491,63560952,42210593,26454577,15652300,8803086,4897233,2766832,1535304,818851,426384,220629,115832,61931,31968,15182,7020,3455,1709,943,532,293,137,84,50,23,1,0,0,0"
world,1809,"0,0,4,154,1181,5316,22434,97989,385781,1221996,3302154,7841702,17674591,38117171,67714779,97794256,125827257,140834642,137560328,117887734,90348059,63625166,42254615,26488969,15696656,8823426,4914172,2785970,1550479,828636,432569,224503,118176,63232,32642,15534,7253,3597,1794,996,564,311,145,84,50,23,1,0,0,0"
world,1810,"0,0,4,153,1175,5302,22410,97971,386022,1224143,3310861,7879431,17783670,38376168,68186490,98458553,126592099,141671485,138327114,118490036,90753306,63751127,42274483,26522621,15796914,8895997,4974395,2822978,1574763,842820,440628,228403,120042,64211,33143,15771,7376,3672,1841,1022,581,325,152,88,50,23,1,0,0,0"
world,1811,"0,0,4,153,1172,5292,22745,102151,402396,1264279,3381581,8039273,18138591,39100711,69253816,99966320,128255071,143389193,139387990,118897567,90402017,63048802,41503320,25937669,15400607,8659679,4856751,2759991,1538095,820792,428968,222952,117328,62601,32178,15296,7286,3637,1848,1021,586,333,155,90,50,23,1,0,0,0"
world,1812,"0,0,4,152,1168,5278,22721,102194,402846,1267159,3397444,8085189,18235446,39306541,69648026,100545673,129141424,144687727,140694013,120153056,91198336,63310666,41332054,25693663,15170021,8510818,4768455,2706381,1507546,805111,420021,217782,114541,61110,31379,14914,7060,3514,1773,990,557,320,152,89,50,23,1,0,0,0"
world,1813,"0,0,4,152,1164,5264,22700,102172,401650,1261411,3382551,8066506,18245574,39406955,69905485,100964239,129607294,144945962,141005544,120318689,91630885,64169875,42434897,26608830,15825100,8915606,5001366,2834036,1572045,837532,437703,227229,119577,63805,32687,15496,7347,3655,1848,1015,579,326,156,92,50,23,1,0,0,0"
world,1814,"0,0,4,151,1159,5252,22775,101938,397923,1249917,3366879,8046092,18237650,39473397,70122855,101365004,130145997,145341091,141371520,120695786,92201380,65088568,43508494,27476145,16362823,9240640,5168755,2934328,1632316,868696,451661,234222,123111,65579,33669,16023,7634,3813,1918,1058,596,335,159,92,50,24,1,0,0,0"
world,1815,"0,0,4,150,1155,5240,23983,113437,436849,1338883,3540478,8422853,19127741,41187616,71960410,103084112,131498022,145915410,141368224,120452811,91938035,64645457,43085722,27218792,16307259,9230072,5197065,2950987,1644261,878242,458014,236913,124370,66309,34052,16191,7693,3819,1923,1049,592,340,161,93,50,24,1,0,0,0"
world,1816,"0,0,4,150,1152,5228,22230,96568,378830,1218970,3378449,8240046,19073320,41375566,72539575,104058446,132966791,147994945,143431345,122354941,92947617,64749537,42509013,26613591,15804214,8915918,5013817,2839167,1576647,842482,439595,227273,119400,63610,32544,15403,7260,3584,1804,995,568,330,157,90,51,24,1,0,0,0"
world,1817,"0,0,4,150,1148,5219,22574,100950,395772,1258092,3442548,8385181,19409894,42087817,73626433,105694444,135024384,150145704,144850935,122814988,92462483,64032912,41914448,26275380,15587964,8813207,4960324,2803589,1548584,824869,429754,222058,116655,62083,31635,14912,7121,3530,1788,990,567,328,158,91,52,24,1,0,0,0"
world,1818,"0,0,4,150,1144,5204,23239,107558,418859,1308589,3520729,8490204,19524557,42263770,73856039,105933811,135042947,149990869,144906381,123224044,93558727,65500514,43331116,27266625,16211726,9154812,5145519,2913567,1614088,856817,443997,228864,119844,63577,32433,15357,7346,3640,1835,1017,579,335,161,92,53,24,1,0,0,0"
world,1819,"0,0,4,150,1139,5175,23146,107371,419322,1312064,3530584,8516001,19599451,42465361,74194542,106414990,135637890,150599470,145571516,123877473,94311378,66275961,44088725,27839253,16618171,9426289,5319789,3027780,1686643,889102,452420,230012,119623,63272,32404,15487,7464,3688,1858,1028,587,339,165,92,53,24,2,0,0,0"
world,1820,"0,0,4,149,1137,5173,23183,107598,419885,1310862,3532732,8541048,19668727,42643304,74517442,106843123,136069758,150778912,145754976,124118879,94963184,67354522,45371289,28878935,17306266,9790342,5478560,3095808,1712049,905422,467753,240396,125174,66118,33739,15973,7661,3795,1903,1055,597,341,166,92,53,25,2,0,0,0"
world,1821,"0,0,4,149,1134,5174,23219,107666,419351,1307846,3522720,8533219,19702870,42790645,74848436,107338897,136642335,151168434,146065970,124365552,95433616,68213182,46424751,29759003,17871988,10140910,5660232,3198027,1771264,937732,484263,249197,129781,68548,35042,16661,8015,3985,2003,1108,631,357,176,98,53,25,2,0,0,0"
world,1822,"0,0,4,146,1130,5160,23251,108102,421409,1314299,3539334,8572905,19795592,43011525,75280173,108029468,137606006,152443102,147379252,125455837,96092388,68446029,46389653,29673053,17832337,10127137,5679332,3213837,1780403,941971,487962,251733,131238,69432,35557,16887,8120,4033,2036,1136,649,370,182,103,53,25,2,0,0,0"
world,1823,"0,0,4,142,1051,4917,22710,106623,414962,1286272,3453984,8405625,19540359,42813005,75383216,108262519,138329091,153558460,148581614,126327239,96651015,69032394,47095093,30354143,18325651,10436895,5862727,3320446,1839539,973941,504964,260508,135845,72015,37041,17691,8527,4241,2111,1169,663,375,185,103,54,26,2,0,0,0"
world,1824,"0,0,2,117,958,4734,23303,113583,439207,1341126,3582872,8698517,19876921,43143265,75724679,108710972,138906147,154151948,148983494,126617691,96890419,69369364,47684185,31090877,18935151,10853741,6110444,3467743,1933233,1028127,532666,274745,143350,76013,39222,18754,8958,4415,2191,1191,674,382,191,104,55,26,2,0,0,0"
world,1825,"0,0,2,118,956,4746,22611,106771,415518,1295532,3579519,8909751,20786258,45124245,78024915,111098039,140939447,155196695,149054343,126098993,96171995,68499906,47020878,30702688,18770969,10794241,6103279,3463191,1930819,1027485,532480,274280,143659,76491,39467,18814,8992,4481,2254,1243,700,399,202,105,55,26,3,0,0,0"
world,1826,"0,0,2,117,956,4760,21613,95879,376360,1210433,3458297,8764315,20713617,45195688,78335802,111655730,141750240,156299393,150308702,127426600,97288883,69234187,47461766,30924551,18846458,10847551,6126417,3473835,1929417,1020665,526387,271027,141356,74666,38352,18245,8710,4346,2213,1252,722,415,214,108,58,26,3,0,0,0"
world,1827,"0,0,2,116,956,4770,21728,96530,378784,1217408,3471449,8798613,20822979,45458689,78821283,112360660,142680680,157420694,151451218,128364309,97847337,69517051,47654877,31130980,19083379,11018552,6257069,3555230,1976814,1047408,541592,278737,145293,76752,39313,18642,8902,4455,2272,1290,742,424,216,109,58,27,3,0,0,0"
world,1828,"0,0,2,112,886,4533,21553,100529,396649,1260333,3541357,8921117,21000623,45755750,79273786,113001320,143559802,158502334,152619869,129385180,98567438,69940665,47864658,31265594,19186225,11094135,6322633,3603538,2006798,1064994,551854,284271,148231,78279,40037,18981,9090,4568,2319,1314,760,429,224,110,60,27,4,0,0,0"
world,1829,"0,0,2,111,887,4540,22403,108151,423042,1316226,3628981,9055316,21152773,45962076,79556078,113406587,144100220,159106025,153245595,130041244,99308635,70686316,48554027,31805810,19547630,11317009,6447945,3678826,2053240,1089840,563232,288962,149962,78990,40496,19261,9230,4633,2341,1314,767,440,228,117,59,27,4,0,0,0"
world,1830,"0,0,2,110,886,4551,22539,108970,425991,1324481,3651551,9110446,21279608,46208485,79958053,113967319,144840626,160002420,154177248,130886966,99882857,71057452,48804208,32037633,19766794,11479339,6570329,3744928,2089492,1112928,576420,295869,153988,81300,41589,19773,9482,4775,2419,1362,790,444,232,120,60,27,5,0,0,0"
world,1831,"0,0,2,110,879,4544,23399,116551,451358,1378630,3737537,9238833,21420358,46367094,80150320,114245786,145190190,160481282,154807426,131487026,100423042,71599380,49343556,32507913,20153420,11768419,6788009,3885468,2173134,1161037,601514,307333,158762,82589,41353,19290,9150,4556,2269,1258,724,407,210,113,62,30,6,0,0,0"
world,1832,"0,0,2,110,881,4555,23452,115480,443052,1347971,3674221,9180666,21436430,46500122,80471613,114734100,145687352,160762491,154979848,131515617,100626560,72103306,50056367,33337127,20839646,12255732,7093955,4079664,2292483,1227191,632134,321883,165722,85685,42683,19784,9319,4616,2322,1279,741,417,218,119,64,30,6,0,0,0"
world,1833,"0,0,2,107,822,4340,21596,102278,400657,1261433,3560148,9059238,21399878,46594729,80758302,115188934,146303932,161437790,155585755,132076763,101123990,72528511,50450146,33697582,21145897,12484806,7239703,4173065,2349316,1258188,648343,330429,170190,88006,43893,20378,9580,4721,2335,1260,721,390,208,104,63,30,7,0,0,0"
world,1834,"0,0,2,107,822,4353,21120,96725,379407,1208443,3471347,8944488,21317591,46661139,81069678,115641910,146867850,162004131,156100881,132571718,101669942,73147348,51056778,34188506,21452874,12657106,7325120,4208757,2371206,1272753,655806,332513,170158,87616,43653,20249,9476,4667,2321,1257,718,407,221,112,64,31,7,0,0,0"
world,1835,"0,0,2,107,820,4358,21805,103645,404983,1265456,3556003,9056003,21446702,46845215,81315971,115998929,147355531,162495543,156443103,132683164,101640777,73145182,51303883,34722356,22108202,13198845,7719699,4464342,2527940,1361461,702854,356222,182602,94697,47457,22059,10243,5021,2483,1310,737,408,218,115,65,32,7,0,0,0"
world,1836,"0,0,2,105,817,4370,22538,110372,428799,1318588,3590520,9007906,21414497,46924993,81569492,116465103,148051957,163405179,157348575,133381449,101933964,73146170,51290661,34833795,22374819,13477104,7944558,4619389,2633229,1431007,745265,380792,196595,102699,51962,24511,11555,5677,2775,1403,765,422,229,117,66,32,8,0,0,0"
world,1837,"0,0,2,105,813,4196,20197,94850,380451,1223613,3467022,8832472,21293060,46951259,81868254,117016900,148752680,164085611,158079085,134079389,102608345,73749090,51743771,35133491,22538800,13597846,8040657,4688292,2681899,1464471,763862,390226,201412,104840,52762,24856,11725,5754,2805,1407,765,432,233,123,66,32,8,0,0,0"
world,1838,"0,0,1,84,736,4031,20487,100315,402813,1275661,3552465,8986236,21523489,47284858,82288639,117488963,149219026,164538183,158569152,134474126,102865501,73983240,51989661,35455070,22907168,13877599,8236135,4814106,2756145,1503863,785764,402493,207623,108293,54790,25963,12201,5909,2862,1421,780,439,238,119,67,33,8,0,0,0"
world,1839,"0,0,1,81,679,3812,20085,100720,406613,1285710,3574617,9023564,21579726,47359996,82431005,117748738,149557142,164956492,159173252,135307730,103726820,74645695,52426893,35778774,23165590,14033545,8314628,4863157,2785726,1519023,794010,408383,211947,111014,56409,26901,12795,6222,3003,1473,799,450,239,128,69,35,10,0,0,0"
world,1840,"0,0,1,80,680,3827,19605,95101,386914,1245574,3527769,8991145,21636044,47537128,82735094,118143076,149970581,165316999,159608216,135796780,104317940,75317856,52989390,36196257,23480366,14255847,8447708,4942683,2843196,1558745,818696,421693,218673,114590,58373,28016,13302,6465,3157,1557,844,479,252,131,69,36,10,0,0,0"
world,1841,"0,0,1,80,676,3834,19701,94910,382890,1231509,3512945,9002402,21698978,47634998,82849530,118400142,150414802,165843849,160053438,136221810,104785980,75894624,53600448,36731038,23852938,14507916,8587490,5023669,2899184,1605417,850492,440943,230023,120796,61767,29991,14418,7048,3451,1704,917,519,273,140,71,36,10,0,0,0"
world,1842,"0,0,1,80,676,3838,19766,95289,384566,1235404,3519397,9039309,21829042,47955711,83462557,119378922,151776173,167479818,161567320,137288690,105183564,75719128,53054079,35977798,23213754,14144420,8427256,4962789,2897459,1634639,883805,468101,249464,133177,69188,34400,16963,8371,4061,1907,907,508,273,142,73,36,11,0,0,0"
world,1843,"0,0,1,80,675,3859,20348,101178,407076,1288281,3603187,9165679,21987188,48166855,83750974,119808971,152337954,168188872,162331440,137743073,105163322,75543069,53014884,36178733,23597803,14512207,8750913,5179510,3025279,1710814,931967,496514,265709,142867,74739,37408,18604,9274,4525,2142,968,522,285,139,74,37,12,0,0,0"
world,1844,"0,0,1,78,628,3528,19589,105129,429699,1347599,3708744,9315400,22138848,48333650,83925287,120035227,152598551,168422348,162473998,137816576,105073888,75477407,53336639,36825985,24400070,15234463,9291167,5536470,3246669,1840478,1006441,539478,289654,156143,82183,41468,20831,10443,5084,2389,1026,519,284,138,79,38,13,0,0,0"
world,1845,"0,0,1,78,629,3558,21646,121671,481134,1442581,3831927,9495402,22351798,48577888,84199520,120393145,153048768,168926251,162919145,138187766,105395952,75815906,53742975,37243483,24763449,15491910,9424200,5591485,3265345,1840908,999176,531783,283385,151929,79729,40070,20012,9981,4810,2240,937,495,274,132,79,38,14,0,0,0"
world,1846,"0,0,1,77,628,3626,23273,132892,514417,1499660,3904114,9594861,22485590,48767786,84426084,120736239,153575160,169670041,163765996,138923528,105872459,76097896,53916063,37400872,24940301,15632771,9529734,5664180,3305862,1862729,1010345,538083,286961,153964,80746,40558,20286,10149,4902,2289,961,506,278,136,81,38,14,0,0,0"
world,1847,"0,0,1,76,625,3699,25319,145566,551715,1561343,3981581,9673483,22519351,48742034,84377932,120766947,153740200,169898064,164190792,139523356,106539284,76749936,54526788,37950032,25375332,15998566,9824604,5882156,3433040,1935198,1055181,566151,303632,163377,85745,43162,21761,11027,5403,2552,1099,516,286,138,85,40,16,0,0,0"
world,1848,"0,0,1,76,624,3555,21943,124307,490960,1456522,3841676,9533166,22482103,48899324,84784029,121383629,154433010,170485625,164520024,139825341,106952872,77295026,55160472,38506262,25801886,16308957,9991525,5976487,3503004,1978094,1073529,572562,304519,162765,85278,42919,21615,10936,5364,2538,1103,569,321,158,87,40,17,0,0,0"
world,1849,"0,0,1,73,587,3547,25118,147029,559920,1580020,4012734,9728932,22637632,48968311,84722319,121288084,154361671,170430038,164507794,140010120,107435597,78024253,55969083,39323162,26448278,16738300,10240268,6103397,3557144,2002542,1085700,577288,306502,163673,86004,43555,22025,11147,5481,2612,1140,565,329,168,89,41,17,0,0,0"
world,1850,"0,0,1,75,588,3702,27923,161329,595395,1624510,4049425,9741441,22603038,48856746,84530868,121083625,154254042,170508225,164866471,140625527,108199419,78786192,56621992,39833813,26839022,17007169,10404916,6205845,3617701,2039409,1107206,590088,314206,167948,87976,44327,22389,11402,5622,2682,1173,585,337,178,91,42,17,0,0,0"
world,1851,"0,0,1,75,589,3472,24452,145052,554382,1562826,3961583,9606934,22398400,48587894,84223416,120773254,154021529,170385805,164980632,141032511,108783558,79345542,57168091,40371736,27355766,17473538,10747291,6454533,3783042,2142105,1161917,618808,328243,174918,91832,46519,23611,12011,5950,2856,1263,630,350,186,91,42,17,0,0,0"
world,1852,"0,0,0,60,528,3493,27104,159611,594428,1624097,4033853,9670184,22369081,48302113,83649996,120038969,153255105,169706531,164615629,141016105,109145541,80068134,57989016,41184547,28121912,18109391,11180354,6764866,3967465,2266904,1237700,659495,351413,187686,98585,50075,25432,12931,6457,3117,1402,647,362,187,89,41,17,0,0,0"
world,1853,"0,0,0,61,531,3381,24648,146963,562581,1576421,3935542,9411338,21525543,46543439,81855248,118379225,152217178,170041313,165966396,142948184,110715272,81109034,58609217,41657560,28635789,18578824,11481055,6920455,4039497,2305110,1265937,671614,356777,192427,102076,52146,26440,13342,6593,3157,1397,684,377,208,94,41,17,0,0,0"
world,1854,"0,0,0,60,504,3402,27091,161541,605401,1661277,4105827,9697515,21921256,46865444,81842598,118245752,151645811,169018905,164777654,142098248,110420008,81303342,59121644,42400148,29414711,19277617,11985659,7264856,4242276,2425568,1336759,710171,375923,201906,107220,55129,28123,14218,7058,3392,1516,696,382,215,95,41,17,0,0,0"
world,1855,"0,0,0,60,509,3287,24568,148730,573758,1623137,4074683,9744172,22161510,47303078,82299573,118820540,151933047,169198237,164659360,141905988,110268048,81453560,59374160,42503583,29312055,19086757,11846605,7181477,4216359,2418866,1334093,712026,379057,203838,107652,55021,28224,14419,7199,3468,1563,751,417,232,103,43,19,0,0,0"
world,1856,"0,0,0,60,514,3013,18721,112263,469353,1441999,3833161,9460137,21936707,47163781,82276254,118866543,151869486,168810928,163796882,141057028,109888959,81761998,60179653,43551680,30401802,19988696,12449012,7545833,4399133,2508382,1377135,727892,383478,204905,108097,55351,28265,14302,7147,3514,1632,781,432,243,112,43,20,0,0,0"
world,1857,"0,0,0,60,520,3137,21817,134647,539058,1575649,4030295,9745580,22200307,47159775,81699651,117649954,150295553,167317492,162841915,140932247,110710042,83181228,61571403,44718397,31224419,20489108,12732142,7724855,4512149,2568379,1404917,742672,390310,206615,107721,54584,27900,14157,7122,3533,1704,803,451,250,111,43,20,0,0,0"
world,1858,"0,0,0,62,525,3073,18076,105266,449253,1410281,3785016,9332305,21342174,45537248,80093517,116314249,149343712,167233777,163086806,141387311,111376156,84531028,63317975,46431798,32657134,21449508,13231562,7955253,4623291,2603782,1399235,721770,370146,191891,97941,48447,24167,11968,5917,2933,1507,781,438,247,108,41,20,0,0,0"
world,1859,"0,0,0,61,505,2955,17727,104334,445348,1397977,3757451,9325363,21398512,45523495,79938236,116165664,149321546,167447695,163580197,141902265,111747080,84676034,63352437,46519450,32820256,21672617,13411497,8079721,4679931,2629439,1418350,730709,372953,193672,99067,48834,23908,11572,5683,2802,1414,744,420,250,109,32,17,0,0,0"
world,1860,"0,0,0,61,508,2987,17888,105299,449420,1410961,3790618,9430076,21631904,45822172,80170729,116493755,149385481,167314539,162929252,140997527,110888690,84339577,63574152,47142883,33621197,22510388,14086126,8526437,4959126,2793575,1521804,788883,402350,208911,106943,52769,25972,12528,6069,2940,1464,738,415,248,104,25,14,0,0,0"
world,1861,"0,0,0,61,515,3015,18014,105967,452261,1420947,3816761,9531006,21883862,46267392,80802875,116859729,149541110,167403939,163234291,141516463,111610672,85114586,64112423,47310123,33418845,22072224,13634901,8186021,4726785,2644556,1421991,730420,370905,191267,96936,47181,22777,10801,5182,2456,1174,580,323,194,77,14,9,0,0,0"
world,1862,"0,0,0,61,522,3081,21486,135292,545204,1592535,4033086,9795606,22126045,46694896,81299728,117034794,149409268,167059081,162601585,140950219,111196716,85091581,64501338,47882912,34000415,22613549,14109166,8520046,4961353,2780241,1496225,768585,390499,202317,102865,50249,24565,11892,5767,2768,1297,612,333,193,78,14,9,0,0,0"
world,1863,"0,0,0,63,524,3041,19938,124553,513282,1532705,3918035,9540506,21753680,46442069,81302766,117128278,149273244,166712059,162055424,140230755,110558191,84762048,64736651,48891414,35464601,24195574,15409199,9346650,5478170,3062456,1642772,840299,421127,217589,111034,54569,26867,13011,6251,2936,1360,635,341,211,89,14,9,0,0,0"
world,1864,"0,0,0,62,513,2992,21403,137026,553351,1602902,3969589,9469419,21381861,45895851,80674585,116710401,149174701,167627480,163258914,141281349,110880459,84718338,64504891,48796183,35652632,24694528,16042285,9908546,5888579,3292737,1749547,888756,436614,221057,111635,54523,26900,12983,6188,2872,1314,607,323,205,84,14,9,0,0,0"
world,1865,"0,0,0,63,517,2937,19811,125872,519737,1541238,3888865,9398816,21367085,45914923,80773091,116955209,149396333,167904860,163593956,141711102,111547256,85591037,65507931,49615065,36045575,24674096,15760280,9611696,5617489,3124618,1667133,852131,426014,218640,111736,55109,27076,12992,6163,2913,1335,611,330,195,81,14,9,0,0,0"
world,1866,"0,0,0,49,451,2767,18350,115622,488055,1473506,3769739,9237889,21237608,45815664,80637145,116779024,149422676,168150957,164113405,142468047,112409901,86420705,66158791,50082634,36332795,24828857,15831873,9651460,5639964,3134562,1671132,852325,424457,217290,110968,54741,26910,12877,6077,2829,1343,616,334,190,80,14,9,0,0,0"
world,1867,"0,0,0,49,458,2748,16695,103824,452462,1396309,3618297,8963778,20906115,45446945,80229333,116479508,149393737,168409493,164645527,143181743,113215174,87200073,66814439,50709268,36905249,25290966,16147774,9819237,5737038,3187594,1700237,863480,427653,218632,110856,54532,27014,13030,6236,2909,1353,638,331,189,84,14,9,0,0,0"
world,1868,"0,0,0,49,462,2781,17982,114201,483922,1460835,3709889,9053454,20920615,45422618,80293482,116740074,149760712,168688288,164459182,142428121,112129570,86297479,66611518,51418878,38104885,26560796,17216511,10546492,6212166,3465208,1858924,950810,471520,240470,122034,59985,29606,14302,6730,3117,1451,665,340,186,87,14,9,0,0,0"
world,1869,"0,0,0,48,455,2702,19135,125791,522191,1537812,3834972,9319495,21397810,46076975,81000740,117549760,150266652,168797490,164024501,141560815,111292621,85754438,66320885,51409117,38439973,27208900,18097597,11335412,6813607,3830964,2042009,1040351,510416,256727,129515,63571,31572,15323,7192,3310,1487,686,350,200,97,14,9,0,0,0"
world,1870,"0,0,0,48,460,2698,17813,114935,489583,1478998,3740937,9076147,20667222,44601706,79399901,116284649,149462502,169369560,165799282,144145770,114008172,88068706,68070202,52539400,38944107,27220374,17713199,10888940,6414278,3579990,1924668,987310,490451,250646,127678,63277,31576,15384,7314,3417,1526,707,358,195,91,14,9,0,0,0"
world,1871,"0,0,0,48,465,2728,17956,115810,492448,1483753,3741974,9057876,20550793,44346629,79284675,116292465,149600433,169652539,166255021,144696384,114538879,88461745,68217490,52545561,39163053,27807710,18587986,11693999,7047176,3969103,2122162,1083565,530469,266319,134513,66292,33059,16141,7656,3527,1559,732,364,204,103,15,9,0,0,0"
world,1872,"0,45,151,351,949,3564,17906,106072,456577,1408873,3649350,9006990,20863888,45348224,80415827,117139545,150233955,169428893,165449938,143727872,113913501,88098286,68548934,53741738,40589962,28931731,19361878,12161966,7321242,4123250,2191491,1112258,545456,272848,136841,67342,33529,16288,7572,3426,1539,700,346,187,103,14,9,0,0,0"
world,1873,"0,91,300,674,1524,4539,20938,120080,497703,1489119,3760543,9137750,20942885,45345286,80211330,116827405,150160487,169805689,166274631,144895482,115072475,88886535,68773568,53914469,40879276,29340003,19854233,12623800,7683621,4358335,2325870,1189486,587627,294119,148270,73529,36593,17826,8311,3768,1714,794,391,205,110,28,12,0,0,0"
world,1874,"0,143,473,1022,2085,5364,22268,122279,500579,1484114,3727099,9017427,20633145,44715346,79267198,115605093,149278432,169652482,166945083,146124652,116254856,89761031,69767693,55339629,42603896,30841561,20785108,13121009,7904049,4474922,2388201,1217926,604785,304825,153112,75642,37574,18406,8599,3888,1761,806,390,201,107,28,15,0,0,0"
world,1875,"0,171,612,1334,2628,6315,22912,115448,473168,1421987,3631266,8871885,20404513,44368870,78879939,115343507,149462541,170609009,168552013,148295670,118381924,90873858,69787123,54962038,42173208,30654889,20979521,13489792,8232173,4705550,2568524,1357640,698648,364101,189613,97173,50007,25531,12581,5962,2657,1014,381,203,107,24,14,0,0,0"
world,1876,"0,218,782,1705,3249,7272,24126,115711,467093,1396357,3570804,8784357,20330411,44316226,78791148,115270712,149608059,171074418,169326870,149481609,119812115,92254359,70851271,55744756,42626667,30885971,21077122,13489127,8189862,4672354,2543833,1336088,682957,354405,183689,93324,47696,24238,11917,5665,2595,1012,457,251,141,38,18,0,0,0"
world,1877,"0,280,973,2074,3857,8282,24925,109693,440159,1334407,3489696,8699637,20288743,44310937,78835049,115249832,149393775,170763405,169088881,149940740,121087401,93959668,72473139,56990707,43575020,31482928,21445862,13697136,8271699,4669668,2527692,1327242,678285,352968,183640,93965,48676,25107,12577,6215,2975,1247,556,310,177,55,26,10,10,3"
world,1878,"0,304,1101,2408,4425,9158,25643,103570,411772,1260667,3345379,8477708,20046134,44128268,78805249,115335232,149642160,171298532,169819779,150953345,122198767,95003361,73401832,57745238,44259167,31971383,21736696,13869645,8377047,4758399,2586103,1366093,705477,367683,191282,97474,50008,25589,12796,6344,3040,1280,607,351,192,75,34,10,10,5"
world,1879,"0,277,1151,2634,4895,9925,27453,112591,441402,1324644,3435957,8563576,19976134,43830092,78471087,114931646,149296750,171261508,170361112,152348246,124399350,97225906,74992281,58340080,44341859,32018379,21718932,13947904,8489804,4888959,2680331,1433052,753926,392642,204159,104878,53190,26595,13099,6353,3083,1312,667,388,227,93,47,11,10,5"
world,1880,"0,324,1334,3018,5485,10798,26803,84523,304240,970671,2847519,7675025,19017269,42989677,78102335,115108074,149778030,171705358,170555661,152713586,125290269,98469868,75919317,59022424,45242533,33419837,23227641,15241201,9431011,5512555,3039391,1612826,839840,427088,216185,110223,56401,28548,14073,6811,3380,1559,736,407,219,78,28,2,0,0"
world,1881,"0,374,1517,3393,6081,11766,28566,85619,290333,916125,2726425,7465788,18735052,42780199,78080839,115396867,150475349,172836520,171686281,153351219,125213333,98079777,76207291,60140372,46787998,34842812,24265429,15823220,9780497,5715448,3140873,1648436,851858,426658,208675,102527,50700,24813,11822,5631,2851,1463,743,400,213,71,19,0,0,0"
world,1882,"0,393,1627,3664,6573,12462,29618,87587,300606,946620,2775788,7495111,18624154,42544432,77758647,114875352,150085846,172910976,172313037,154418583,126364399,99203293,77361822,61407918,47972339,35832352,25105948,16468511,10218768,6003337,3308719,1733681,902271,457421,225255,110324,54513,26955,13311,6704,3614,1936,989,511,261,90,24,0,0,0"
world,1883,"0,349,1654,3911,7127,13565,31339,90949,314849,989211,2864472,7650247,18820734,42771326,78029048,115177830,150571025,173588861,173084427,155224945,126949255,99595785,77834271,62193943,49057189,36864644,25856027,16976057,10522496,6184836,3405894,1783041,929363,471705,232269,113722,56144,27808,13792,6961,3737,1999,1011,514,265,91,26,0,0,0"
world,1884,"0,360,1693,4004,7422,13655,30481,83948,273124,863883,2608269,7220937,18249191,42285074,77776776,115448146,151563452,175119295,174776840,156997452,128268677,100389026,78406706,62767949,49733075,37519254,26425632,17440214,10851295,6397081,3525891,1840599,954101,482076,236512,115493,56909,28131,13896,6886,3634,1889,927,458,238,79,26,0,0,0"
world,1885,"0,391,1786,4347,8218,15120,32716,86313,273597,860624,2622043,7352507,18771489,43238269,78570941,115821829,151722149,174812770,174308892,157585575,130029530,102311068,79916453,63932109,50750844,38258515,26688421,17407207,10723217,6262389,3426316,1791288,931955,471110,232559,114812,56489,27564,13309,6441,3361,1712,834,428,231,78,21,0,0,0"
world,1886,"0,254,1596,4247,8409,16028,34949,92015,287745,886006,2675042,7530628,19142684,43907937,79252787,116838415,152911658,175856130,174993273,157983156,129995973,102412539,80480015,64575050,51423615,38911364,27274391,17866194,11048354,6475700,3546547,1853007,965949,487481,239051,117267,57524,28225,13857,6785,3586,1851,904,458,236,84,33,10,4,0"
world,1887,"0,273,1725,4639,9173,16667,34369,86501,272121,859746,2610669,7199797,18140992,41672802,76707402,114206883,150582139,174731444,176166748,161308305,134671554,106408100,83017985,66163918,52641698,39979795,28236941,18732137,11719724,6960926,3848046,2012675,1056025,538269,265386,130203,63609,31118,15362,7583,4022,2113,1064,540,293,114,47,20,10,0"
world,1888,"0,492,2203,5433,10352,18609,38211,93626,275577,814497,2411530,6745492,17197580,40083676,74894014,112501650,150121121,176471633,179110891,164465184,137248598,107957836,84069756,67059277,53755952,41286643,29264905,19294170,11963469,7017674,3846124,2013786,1055395,536972,266518,132217,64886,31711,15580,7649,4029,2089,1036,525,280,119,65,23,11,0"
world,1889,"0,415,2221,5656,10757,19802,41531,103109,307779,901314,2574469,7045838,17509473,40272664,75072105,112629195,150544488,177923850,180959340,165953050,137625000,107485263,83507846,66591511,53829601,41861909,30234767,20384113,12891506,7709595,4301373,2262006,1194743,615262,305918,150725,74210,36350,17988,8971,4749,2535,1288,653,336,140,72,31,16,0"
world,1890,"0,244,2002,5438,10580,19826,41515,104297,321629,951188,2666125,7116581,17359891,39726668,74156475,111082005,148945374,177163772,181465118,167967202,140617601,110134300,85388858,68138870,55196746,42994603,31031915,20878715,13160016,7848038,4363128,2287038,1207228,622126,309372,152402,75069,36825,18314,9112,4823,2576,1313,663,341,142,74,30,20,0"
world,1891,"0,677,2977,6735,11778,21432,45342,111481,331128,968423,2738647,7499346,18572703,42218775,77229884,115388594,153618939,180694231,182850655,166624916,136808403,106515832,83617092,67572022,55270206,43175078,31113484,20917465,13136293,7840216,4352568,2274766,1198931,617978,307515,150895,74167,36088,17896,8913,4730,2516,1286,661,335,141,72,29,22,0"
world,1892,"0,419,2671,6839,12660,23119,47224,111469,326752,971443,2722487,7179082,17439524,39904047,74529539,111548285,149605469,178211269,182537158,169383670,142221697,111697016,87065559,69971745,57067207,44555206,32309860,22013439,13993819,8440358,4812113,2575675,1365946,715291,360986,176493,86603,42615,21568,10950,5733,2968,1526,786,399,175,86,29,24,1"
world,1893,"0,412,2984,7785,14985,26973,52018,113900,306235,894160,2565908,6882401,16813512,38582747,73078462,110743882,149426642,178813742,184145604,171564688,144491680,113498776,88755015,71808909,58909314,46136548,33125831,22113039,13706677,8099058,4479151,2335781,1224521,629871,313535,153935,75810,37164,18717,9498,5129,2774,1440,743,392,172,85,30,19,1"
world,1894,"0,54,2241,6900,14598,27463,52169,109852,276751,785909,2299179,6335368,15797458,36642734,70242169,108165641,147293755,177525572,184083030,173136988,147910162,117331976,91954554,74135509,60849833,48147533,34939727,23368596,14501663,8490237,4645533,2408480,1252547,637413,314945,156463,78174,38586,19329,9608,5043,2648,1290,633,333,149,74,30,18,2"
world,1895,"0,85,2137,6553,13369,24689,47654,103308,275056,783003,2219980,6182474,15800047,37166174,71362922,109385722,149056927,179767406,186183020,174340041,147495669,116128578,91064930,73680872,60681938,48169361,35235138,23994341,15176407,9065080,5115119,2716697,1436621,748874,376354,185725,92470,45490,22814,11568,6027,3143,1601,811,417,177,84,26,10,0"
world,1896,"0,343,2866,7994,15804,28035,52097,109232,282056,807152,2334709,6579971,16728773,38636430,73301239,113142806,153337383,182758245,187509437,173082944,143456461,112223330,89280805,73261766,61248095,49451702,36495652,24845037,15597180,9257763,5136713,2672335,1392163,712271,350903,172052,85761,41761,20690,10496,5634,3059,1570,785,405,175,73,25,7,0"
world,1897,"0,325,3083,8507,16544,29906,55702,115447,289482,793133,2196325,5893911,14560242,34019770,67158622,104732297,144711454,178036259,187719006,178147278,154754469,122864440,95522430,77067393,63612230,51084428,37750255,25887765,16468459,9823755,5533187,2923774,1525208,784905,389136,189396,93457,45801,22726,11570,6006,3142,1594,800,403,179,76,20,0,0"
world,1898,"0,19,1756,6727,15041,29253,55604,113963,284609,783932,2179379,5861914,14467514,33714530,66502684,103775890,143409846,176793037,186666365,178084085,155801016,124828709,97904949,79108144,65396597,52930191,39484331,27237209,17401976,10389068,5839586,3080631,1607953,827586,410388,200862,99714,48989,24047,12079,6091,3138,1553,759,381,171,71,24,0,0"
world,1899,"0,20,2418,7893,16824,31765,58906,117787,280210,757897,2131075,5868950,14832262,34739361,68019631,106944503,148265977,181350354,189805363,179355422,152261394,118968546,93190927,76105736,64179187,53577233,41612192,29635693,19223757,11572300,6577977,3500791,1811503,921479,446691,210591,101726,50023,24798,12552,6291,3138,1518,763,385,175,83,30,0,0"
world,1900,"0,131,2865,8712,18062,34189,63680,126731,291034,762653,2121889,5743707,14420220,34074690,67315910,105873262,147181114,181263253,190335214,180503238,154928906,121891278,95191711,78002519,65614075,54561440,42430474,30321091,19666872,11790676,6697522,3554562,1828803,926094,446454,208146,99483,48834,24317,12426,6230,3120,1507,758,391,172,72,34,0,0"
world,1901,"0,179,2553,8225,17116,32440,60015,119214,281485,760427,2141592,5834204,14690245,34781654,67833271,106006780,147059283,180887124,189107710,180425990,156637670,124345884,97000287,78522553,65469714,54440113,42887973,31661266,21251654,13108032,7550502,4023002,2021891,1002769,470291,210264,93813,44430,22314,11724,6040,3022,1402,649,314,127,56,24,0,0"
world,1902,"0,80,2731,8923,19078,35243,63917,126585,300469,794196,2167518,5789106,14224479,33367331,65294128,102367998,143034979,178099740,188151226,181914558,162525747,131195182,101595753,81399194,67458861,55976311,44215778,32598285,21862785,13461287,7738349,4128271,2080850,1034694,487008,216838,96356,45668,22922,11996,6141,3049,1432,657,312,130,55,28,0,0"
world,1903,"0,7,1977,8053,18481,35766,66596,131592,300618,772503,2078846,5534742,13846723,33009365,65282383,102476824,143147222,179059685,189569076,183351919,164127511,132498572,102541002,82167753,67988216,56612278,45089642,33672384,22942885,14294901,8327953,4467587,2222270,1098698,507399,222821,97263,45413,22360,11525,5917,3001,1445,669,334,129,53,32,0,0"
world,1904,"0,8,2262,8699,19725,37534,68492,132505,293937,744195,2020301,5441967,13670632,32665478,64478220,102075808,144145400,180723884,191238739,185537154,166138603,133657264,103376678,83285758,69237466,57815041,46172978,34271495,23108758,14234544,8201660,4400152,2236743,1125643,538915,245835,112789,55003,28092,14836,7602,3716,1617,704,332,139,57,35,1,0"
world,1905,"0,8,2699,9513,21048,39315,71432,139332,306757,771156,2081497,5575083,14289540,34685079,67703013,105984712,147962479,184000737,192682696,185586300,164248430,130959658,100865924,81425479,67842510,57263268,46390538,35324320,24624442,15588690,9226448,5049084,2544151,1279000,609789,277155,124523,59429,29612,15308,7839,3881,1745,748,354,148,79,47,1,0"
world,1906,"0,8,1371,7420,18217,35843,67811,134076,298617,763713,2068319,5578415,14322875,34665880,67613542,105555212,146915572,182964749,191738843,185303204,165833684,133348843,102774115,82301520,67877338,56960265,46575714,36573274,26999088,18277015,11420275,6584380,3357837,1655167,763461,330470,140788,66316,33406,17172,8431,3792,1623,663,295,118,65,56,3,0"
world,1907,"0,8,1418,7790,19297,38060,72312,142961,310770,786605,2155495,5849848,15069850,36377119,70165571,109085936,151974913,188005530,195391123,187339136,162956302,127785339,98461631,80545004,67612902,57606699,47642288,37586940,27777974,18755440,11688634,6728710,3426948,1687465,778784,337374,144218,68117,34349,17638,8706,3943,1725,692,306,113,70,64,6,0"
world,1908,"0,9,1628,8500,20801,40896,76316,148727,324545,826032,2266598,6048300,15155663,35890278,69061283,107728514,150403420,187076505,195383677,188781484,166402236,131987364,102238978,84328519,71782145,61557812,50466970,38387116,26473939,16485672,9594244,5173200,2591393,1298180,614217,278657,127335,61685,31031,16140,8354,4138,1899,806,360,139,82,66,6,0"
world,1909,"0,8,1512,8305,20416,39778,73432,141909,303249,753955,2069048,5543542,14006884,33751708,65814520,103732428,145214167,182795922,192967643,188346769,172459739,141379572,109370964,87686746,72913483,61455765,50490991,39392573,28723660,19107678,11740736,6648051,3337783,1636558,749144,323490,139067,66411,33522,17306,8678,4045,1822,742,322,104,74,70,6,0"
world,1910,"0,9,1546,8574,21112,41137,75277,142906,299538,735975,2035829,5513335,14188219,34630402,66431794,104754040,146555847,183121195,191825935,187666681,172245469,142189316,110968667,89010221,74121995,62869206,52016242,40784386,29732613,19661482,11972353,6749062,3389594,1662547,767428,334376,145074,68517,34260,17714,9035,4295,1920,776,342,112,77,77,11,0"
world,1911,"0,9,986,7019,18738,38199,71191,138151,288409,694787,1905017,5207988,13652766,34262991,66462723,105126621,147244581,184755528,193821995,189198652,173099035,142312948,110523785,88934028,74601574,63923457,53559431,42201229,30914340,20489353,12496706,7041875,3523134,1728914,797727,348481,152017,72919,36552,18749,9474,4518,2108,858,374,134,95,92,16,0"
world,1912,"0,10,1093,7734,20536,41784,77180,146432,299720,702633,1869877,4998575,12682584,31527233,63254119,101553754,145089527,186189985,198858616,194682143,177542319,144257970,110759759,88749340,74620971,64278388,54349868,43304066,32165989,21611225,13354865,7641757,3877101,1909300,888931,389745,169955,81770,41197,20993,10434,4789,2232,896,374,136,93,93,22,0"
world,1913,"0,347,2436,9857,21989,42427,77514,145718,294560,674362,1751580,4674292,11827491,29551639,60244741,96751802,140135658,183228536,199237347,196825968,181468595,148706164,114870805,92416428,77420844,66420145,56058651,44747478,33471773,22688348,14093329,8151861,4141306,2014398,927417,393807,164114,75721,37112,18430,8870,3938,1859,873,393,141,88,96,30,0"
world,1914,"0,9,1992,10244,24429,46879,85434,160873,320953,705138,1814023,5001144,12431497,30134971,60896092,97463941,140712858,184257981,200690215,198663380,185301977,153851342,119959119,96508580,79932379,68014860,55674056,42419305,29611670,18709445,10924366,5899175,2911019,1427131,663375,293120,127522,60518,29549,14897,7401,3587,1721,777,332,125,74,56,2,0"
world,1915,"0,456,2536,10333,23456,45958,84640,159277,317864,705163,1814245,5026838,12694416,30782881,61951053,99001049,142580805,186233369,202274252,200112972,186280586,154196234,120083272,96070267,79455520,67881951,55551563,42574031,29966679,19135914,11202756,6042578,2969125,1447154,668585,295189,129129,61861,30228,15150,7464,3575,1701,781,346,159,85,43,0,0"
world,1916,"160,1104,2691,8193,20607,43847,84818,161887,320591,705417,1793120,4954731,12626211,30686267,61605886,98562057,141852821,185637270,201871085,199437783,186878343,156066838,121974490,97187636,79324912,67006603,54990432,43179590,32079421,22014447,13717293,7893468,3987746,1913927,865746,364657,148415,68550,33873,16878,7990,3302,1419,615,251,91,56,47,2,0"
world,1917,"474,1684,3011,7687,19695,42072,82857,163013,327456,737375,1872142,5180164,13422991,32100785,63281442,100654849,144893635,189505891,205395785,202721281,188887703,155524162,121006708,96747369,78735493,66596903,54319952,42393601,30990257,20789123,12629492,7028807,3443664,1635366,724327,302114,123368,58233,29068,14601,6995,2985,1384,621,238,79,52,46,2,0"
world,1918,"0,8,1009,6912,20837,46446,95217,191118,389034,913447,2495174,6978059,16868951,37649975,70984927,110954308,158001035,200256620,211052314,204203644,180240287,142099610,111053300,91549474,75026199,62565562,50614649,40245344,30530375,21449131,13562713,7892412,4042612,1931742,869896,363743,143100,63854,32398,16557,7958,3456,1522,647,266,98,62,45,1,0"
world,1919,"0,241,1605,6398,18087,42305,95914,218693,515353,1353303,3481970,8185400,17522493,38235194,71674433,110344339,153194197,193572433,204750353,198822991,184577197,152972717,120961048,96934865,78644656,64216781,50397645,39343045,29744934,20909825,13312679,7790401,3986390,1898784,855352,357067,139527,62349,32432,17122,8315,3609,1572,665,300,126,76,28,0,0"
world,1920,"17,179,1289,6263,18435,43691,104106,254801,634552,1629354,3902716,8697242,18464751,39784556,73361474,112152910,156520968,198123148,208827449,202443821,182571999,146292386,114693576,94727449,79289959,66348887,53226267,41527127,30886336,21295789,13349863,7678672,3832229,1805578,802773,329938,130051,59362,30441,16026,7853,3491,1619,733,352,156,91,48,10,10"
world,1921,"18,186,503,3614,15662,42789,107437,267860,676311,1770784,4249127,9217262,19220193,40380067,73394208,110716960,153082230,194768816,205796254,200063024,185084449,151705974,119276651,99510322,83450328,69637579,56323227,43325094,31138475,20529634,12401505,6878486,3338748,1568162,693640,288882,117914,56038,29249,15679,8078,3938,1841,848,417,179,104,60,11,10"
world,1922,"48,268,593,3209,14778,41372,109949,286670,717968,1733039,3932945,8583525,18149744,38632089,70762770,108022654,150904406,194118644,206341746,200834931,187272200,154352456,120397267,99348676,84406304,72211855,60382932,47216315,34562402,22948638,13969730,7843645,3842651,1808985,805868,338011,138441,65205,33427,17699,8956,4309,2091,948,462,207,115,82,19,10"
world,1923,"7,148,443,2912,14048,36398,88988,219400,528771,1305737,3085381,7106222,15879623,35434973,67832249,105836929,150862435,196507204,212328117,207430690,192670330,157839651,123898538,101921029,85267508,71571323,57855369,45197653,34048238,23948165,15310116,8985366,4720732,2265337,1037081,452708,184100,81376,42462,22755,11550,5093,2177,936,449,209,114,67,16,10"
world,1924,"0,45,265,2540,13890,35191,80807,186136,421340,1027562,2463545,5738107,13462804,32151167,64056859,101912005,147476764,195331893,213865341,210667311,197756917,162422240,126012969,103591161,87273258,74471515,62068829,49131765,36878730,25528358,16119335,9405261,4920466,2361499,1085001,478347,197828,88336,45769,23808,12016,5237,2312,1056,505,226,126,88,20,10"
world,1925,"0,5,86,1938,13381,35300,78419,170937,364795,846223,2044751,4861408,11709731,29567364,61162884,99395609,145923966,195459850,215048458,212474514,200262088,164346732,126871075,105266348,90758957,78229215,65954312,52420722,39380371,27023739,16916272,9819654,5109951,2444969,1123370,494773,205583,92133,47537,24550,12475,5467,2484,1178,537,238,132,102,36,10"
world,1926,"0,5,15,2069,14241,37360,78849,163311,326537,692583,1614620,3974037,10012162,27004833,58145980,96159416,143476040,194582537,216518123,214836429,204813780,171074849,132506811,108341111,92384403,79154057,66710856,53254459,40406562,28213837,17998411,10526805,5579378,2656934,1215087,532772,222160,93936,46940,23798,12307,5573,2490,1093,424,159,83,79,31,0"
world,1927,"0,4,15,1498,13042,35198,73848,153216,303377,628911,1451801,3606467,9367434,26130016,57417021,95452188,144093230,197193513,219839923,218672609,207277554,171109513,131375460,107306206,93040212,80949331,69140980,55990435,42363131,29214983,18230001,10516438,5474553,2590089,1185351,516798,214232,92830,46283,23253,11797,5241,2343,1091,423,156,84,74,44,0"
world,1928,"0,3,14,946,11245,31738,66743,137985,273422,563734,1317086,3304556,8693176,24987338,56186064,94088760,143015808,197036581,220611101,220269182,209329470,172981788,132687758,108632632,95066652,83407506,71775303,58694301,44456206,30735350,19118159,11001514,5714904,2699552,1238712,540312,224761,98372,49323,24653,12432,5717,2541,1144,444,164,81,75,51,1"
world,1929,"0,2,13,424,10069,30588,66853,139773,277445,569041,1315389,3265746,8507373,24573961,55659205,93455169,142027724,196061291,220325364,219907709,210513694,176124004,135838310,110761733,97367263,85423573,73225294,60103116,45927654,32260533,20418635,11818633,6295253,3001625,1374586,611734,263197,112779,56029,27946,14198,6760,2922,1265,439,163,92,92,70,1"
world,1930,"0,2,13,1601,14234,38620,79572,158534,307134,620522,1381486,3375529,8613534,24564134,55679200,93718361,142628844,197590251,222737881,223528445,215196428,181011561,139750081,113232882,97983607,85480787,73526014,60143111,45215580,30818183,18874162,10748307,5465085,2566837,1163647,499372,203798,91743,46419,23131,11621,5284,2339,1030,399,140,72,71,43,0"
world,1931,"0,2,13,2092,15976,42620,88774,177248,342137,686702,1507267,3611326,9090935,25407271,56545701,95089484,143816837,198948076,224453889,226449439,219283037,185495739,144368054,117482944,100409826,86712011,73877928,58645339,42762294,27988435,16613633,9168426,4438580,2059072,913062,380069,154828,73061,36956,18412,9475,4495,2120,919,385,118,67,70,27,0"
world,1932,"0,1,12,1135,13758,39714,88186,181742,354849,714370,1568953,3723523,9361522,25216906,56387253,94912643,143941808,200634966,230095769,233287264,225478217,189295619,148012842,122411308,105142389,90806417,75526578,56377904,37769850,22493891,12334274,6263469,2957987,1392335,635043,275210,124641,62246,31664,16513,8910,4372,2022,874,392,133,70,57,15,0"
world,1933,"0,0,11,479,10824,35118,81544,170159,332785,679541,1558305,3818025,10320851,30251285,62687904,103778272,153769402,207378073,223300436,226744094,218729225,185241306,146866669,123555551,107694645,93322749,77634763,57624518,38116671,22262015,12008839,6018432,2855777,1354046,629136,280658,134595,68426,34676,17323,9171,4602,2152,1006,454,166,85,68,21,0"
world,1934,"0,0,11,185,9934,33276,77454,159866,309569,634696,1478074,3634080,9974889,29767685,62045980,103442712,153817034,208047697,224277296,228812626,221465930,187212231,147511243,122296866,106713175,93341537,79618760,61468832,42188898,25495180,13944432,7100169,3334019,1562492,719427,311761,138866,68723,34831,17633,9439,4770,2215,971,438,147,70,57,32,0"
world,1935,"0,0,9,148,9128,32572,77054,158523,301815,610787,1393073,3323330,8712937,25118394,56247967,95821867,146510568,204501256,231251884,237097154,230476103,192875456,150326895,123249430,106991088,93144866,80191321,64244578,46384177,29875244,17124420,9151929,4325595,1983222,882199,370097,150709,71740,35806,18210,9651,4645,2206,937,418,134,67,56,41,0"
world,1936,"0,0,9,260,7565,29359,70025,145128,275491,546276,1232841,2902231,7409137,21158562,50608815,88982965,138907292,198268931,235162472,243221369,240856614,203934740,157203541,124996549,107131847,93427848,80599130,66282955,49228633,33055684,19476332,10704570,5259267,2414097,1084851,462723,184626,84218,42616,21271,10908,4938,2302,1019,451,158,75,50,47,4"
world,1937,"0,0,8,24,5642,26577,68419,144616,275134,538772,1204768,2844409,7179396,21446712,51585908,89879884,141890943,202880819,236133673,243752474,239491319,200059895,153807795,124920963,108679034,95739499,82789022,68991616,52260335,36090289,21848991,12189561,6204288,2862053,1296272,564659,228108,98035,49672,24733,12669,5977,2723,1250,562,211,93,63,57,10"
world,1938,"0,0,7,24,4285,24066,65121,142575,275124,543306,1235297,2948762,7528958,23075223,53812091,92914821,146477425,208083065,237332310,245155377,238840737,196991579,150525463,124628967,110657353,99078605,86227822,71745157,53764999,36196516,21157698,11470191,5599707,2558604,1156340,503159,203016,93063,46962,23253,12096,5777,2758,1279,586,232,93,68,58,18"
world,1939,"0,0,6,22,3195,21316,62135,144560,286222,572735,1302285,3065500,7749488,24216766,55296515,94909050,148292197,209459480,234725231,242392920,238229404,198678363,151910070,125613351,110447008,100455321,87961229,74221803,56902893,39050172,23251021,12639322,6294783,2876768,1298954,573942,232923,101952,51396,25174,12755,6031,2820,1310,594,233,97,58,50,33"
world,1940,"0,0,6,457,4851,24055,64877,147064,290085,581998,1323719,3109593,7886960,25202806,56829687,97331206,151709864,213254773,235750087,243910802,239399746,200720174,154260398,126938875,110727006,99062776,86107386,72185137,56439407,39966987,24738153,13652360,6997510,3212878,1435169,632917,261213,105153,51365,25699,13563,6557,3028,1356,548,212,90,45,49,32"
world,1941,"0,0,5,1396,5689,22084,60778,138966,274350,546452,1256765,3011344,7933173,26221931,58291058,100222655,155835601,217173551,237106665,244954407,239926525,201848293,155129500,125226969,107655292,95039894,82264263,70219779,57964505,43597588,29109256,16839043,8964813,4226657,1867175,811209,333440,126742,55902,27556,14395,7079,3485,1627,639,232,100,47,46,38"
world,1942,"0,0,613,2872,8102,25389,68439,155002,306800,643011,1523050,3672190,10476064,31151328,63763820,107928499,161440648,218446921,234216921,243509659,239272490,201300859,154095308,123861761,106310986,92449201,78737207,67596238,57246570,44791770,31445267,19129670,10568257,5180640,2274497,974913,397207,148415,60337,29458,15095,7519,3881,1802,715,238,97,46,44,37"
world,1943,"0,137,1860,4767,7651,24817,65021,145440,293181,640865,1576609,4172864,12598870,35223586,69049190,115159355,168686451,220761714,233271213,243595808,238748606,200778628,152646657,121442595,102497703,87815339,75089341,65279220,56773759,46137195,33860645,21496847,12227185,6265600,2784286,1186230,485822,185231,68086,32762,16496,8192,4171,1909,828,274,119,48,40,38"
world,1944,"0,1001,3530,6202,9085,26610,67356,157572,361112,845344,2291316,6510543,15870935,40276078,74163645,119136006,171630727,220588064,233552159,245352290,241567852,202729606,153209052,120474963,97769134,81891610,71262460,62363234,55505633,46671269,35364304,23175483,13541800,7154406,3237207,1378446,563486,215278,75819,34743,17258,8389,4271,2062,865,305,132,53,40,38"
world,1945,"356,2420,13379,29637,52140,78939,114088,205515,446751,1052860,3231584,8147444,18535882,44846923,79105296,125580873,181483422,228952161,243093130,256183640,246108317,201719732,150783110,114673643,92255045,77493203,67121802,58174707,50047889,41633082,31376058,20885275,12236111,6419547,2863607,1196376,481165,181765,61246,28362,13997,6867,3487,1655,665,176,76,43,36,6"
world,1946,"0,0,5947,22550,44841,72081,108665,189721,403641,951499,2953177,7967650,19509359,46764495,81840583,129762465,187963195,230670938,243384952,255940488,240621748,199041906,156062323,122251318,98623391,81306876,67861897,56756567,48356198,39256878,28768176,18271784,10277451,5043147,2178385,907862,360799,128438,47101,21760,10827,5967,2642,1146,327,49,7,0,0,0"
world,1947,"0,0,2778,17081,39753,68954,106432,174819,339940,796418,2272046,7101456,21051190,48381101,85380325,135684638,195024057,227173054,238812987,249531726,233373967,192713741,155729415,126349809,103880490,87442723,73477415,61365347,51165884,40632034,29061320,18117872,10078481,4863445,2102103,883342,350844,125790,47902,21713,10919,5954,2579,1170,313,65,16,0,0,0"
world,1948,"0,0,329,11441,31795,59774,98191,157327,265650,573841,1574976,4918000,19516365,46210948,83569260,136045125,196547574,223519823,232874017,242119932,227379427,190996496,158285130,135934875,113793269,95349578,80294841,66270531,54284317,42903379,30885969,19467056,10939827,5379332,2334632,988759,399851,147400,55919,25248,12400,6647,3001,1315,423,94,32,8,0,0"
world,1949,"0,0,0,8419,27824,55567,93790,152413,261566,580782,1616379,5512344,21600640,48272230,86878058,138827747,197294446,219469393,228881758,237722016,224622234,191230547,158056163,137527870,116756515,99932311,87093363,73543970,59600549,45298821,31235952,18844344,10296080,4881352,2104911,892959,361530,133001,55004,25350,12576,6897,3163,1400,470,131,59,32,7,0"
world,1950,"0,0,0,4787,22196,51078,93088,156736,262797,583317,1664046,6061654,24289422,51668912,92293722,145782471,200229074,216773541,225891767,233229241,221136746,189088965,155825624,134918622,118125555,102860981,90540468,77332957,63480023,48959697,34673054,21795391,12258981,6094804,2655089,1123809,459990,172555,66141,31182,15320,8585,4277,1998,760,271,129,69,31,10"
world,1951,"0,0,0,1882,16635,44463,87176,152975,250269,486779,1255046,3608815,14321725,40196838,74370299,126817872,191734594,234030347,243133250,253765232,237490388,197882756,160458630,136698247,120920363,105939769,93219210,80444543,66639422,52191349,37591910,24203391,13848731,7080442,3114901,1309503,535524,204187,72322,33870,16002,8815,4488,2114,785,238,103,50,29,1"
world,1952,"0,0,0,412,12518,37635,79644,146590,240266,447370,1103246,3122384,10920362,34502489,67498789,117366974,182912483,241486862,253581889,265656155,248869363,205230487,165033662,140325485,124929342,110118835,96945239,83713033,69294776,54494234,39319178,25536135,14723279,7615399,3371173,1414347,576493,220582,76275,35187,16441,8860,4436,2085,853,269,125,63,45,5"
world,1953,"0,0,0,3,8450,30851,71431,138061,236233,430705,1011996,2740947,8511137,28236542,60453718,106388179,170196538,240687703,260545954,273116384,265017139,222019987,175550924,146742754,129819759,114073075,100410083,87432153,72984687,57360283,41146399,26478108,15167239,7805240,3438919,1439006,585353,223009,76208,34902,15853,8413,4416,2002,739,232,98,46,40,9"
world,1954,"0,0,0,2,5846,26172,64766,129446,225368,408292,1009600,2817813,10583234,35391733,68624086,120160727,186627782,243534181,253419416,266825726,257502766,217341313,174583250,148412081,131743244,116864024,104058605,91732687,77740227,61004820,43563560,27710609,15773338,8094721,3565306,1497384,612587,235469,81901,38153,17231,9039,4954,2236,832,230,89,32,34,18"
world,1955,"0,0,0,1,3473,21923,58522,122179,215634,383911,899017,2499465,8734187,31352498,64160331,113715168,180787524,249271156,263489789,277668906,268142443,223939439,176812020,150207666,133389255,119607160,107212661,95159367,82035980,65072261,47185624,30297280,17422792,9082724,4064985,1731264,722111,285322,104772,49342,23431,12438,7126,3529,1578,636,327,155,80,50"
world,1956,"0,0,0,0,1459,17345,52738,117099,215889,387520,887209,2415804,8091514,29644113,62591321,110996344,176769488,249704068,267040121,280543058,275056737,232480395,183509094,155602972,137686137,123280619,111261332,99363543,86567131,69061301,50277917,32034831,18275915,9490945,4230600,1800682,755396,298873,109583,52184,24829,12901,7455,3839,1696,670,334,159,89,61"
world,1957,"0,0,0,0,205,11849,42789,104322,202103,361440,807058,2214550,7399238,28913810,62232898,111253718,180419544,256886293,275057625,288609719,278792540,232115266,182348961,156747018,140844866,128007726,115718736,103385243,90300761,72333038,52678501,33418593,18938462,9807868,4361785,1854372,777952,308118,112881,53768,25733,13119,7566,4006,1771,686,336,157,90,65"
world,1958,"0,0,0,0,23,9826,39045,99624,194896,355035,816725,2240877,8336748,31762183,65502686,116958313,184319745,256823038,270916994,285258706,282830950,240651749,189243502,161361163,144893711,132768588,120974554,107730715,93825685,74836699,53855806,33578317,18693418,9525075,4185924,1782556,752526,300529,110033,53365,25541,12904,7479,4017,1767,690,347,170,98,58"
world,1959,"0,0,0,0,16,5555,30651,87576,181741,340460,776776,2148276,9522870,35371205,69528097,124427769,193764456,257799912,268445487,283580246,281340731,240944285,191194616,163158845,147350136,135652543,123646819,110630400,96735599,78438687,57673967,36967081,20944891,10894395,4855999,2035649,843570,330422,115978,53644,25385,12591,7244,4134,1769,698,370,183,100,67"
world,1960,"0,0,0,0,4,1897,20751,68110,159370,325611,763251,2188353,12815545,40613022,76449078,134408693,204371312,249161709,259105425,273227001,276245767,242797950,195007898,164403699,149103561,138906401,128015149,116047473,102037543,84289289,62737484,40889753,23212589,12147576,5490125,2297452,957380,382918,133434,59567,28797,13614,7717,4683,1927,780,415,214,121,69"
world,1961,"0,0,0,0,4,727,11831,50203,136582,338682,903152,5561806,25489297,54462282,100953047,161680817,210821285,226117228,238889812,248714723,262333544,241058128,197419737,165617121,150694485,143453088,135736271,123324817,108044652,89456600,66397938,43166030,24362371,12726126,5760536,2411086,1010843,407407,142593,62797,30861,14305,8003,5101,2046,844,448,235,136,77"
world,1962,"0,0,0,0,0,520,7204,38047,111643,308114,841436,4582335,23593359,52537253,97545094,158119688,213443363,230959941,244928056,256204489,269741982,246343949,200299713,167172513,151821068,145673742,139003128,127511153,112174153,93988502,70604878,46655824,26590586,13979503,6418819,2678953,1121524,454869,161682,68428,33963,15393,8241,5315,2272,860,455,231,127,77"
world,1963,"0,0,0,0,0,24,3760,31979,102310,281152,750385,2765836,18583467,48190405,88500477,149249214,215341660,239684719,252589061,265127539,278667126,257212357,210389188,172389656,155176517,149366796,144087818,132656414,116765352,98117824,74031052,49331484,28357366,15018184,6982459,2905342,1204775,486236,170419,67831,33089,14326,7212,4662,2046,676,317,161,83,59"
world,1964,"0,0,0,0,0,21,1340,20482,78551,225876,618623,1816129,12866646,41928184,78435748,138523787,209941207,251780857,264006904,277928434,290524282,268426294,218291231,175118300,155159610,149539128,146735796,138071726,122207019,104184056,80300061,54959242,32389182,17369674,8356300,3514752,1457381,596580,220155,80027,39440,17555,8376,5163,2700,851,394,191,97,67"
world,1965,"0,0,0,0,0,17,409,16589,71050,200595,543706,1530424,8699841,35851738,70442824,127765152,201462198,269812121,283942363,301603859,307805561,271186432,214275703,173889198,156084361,151564886,148958833,141315939,126087792,108138968,84671430,58935668,35350078,19023450,9292230,3944963,1635493,679417,260234,91405,44545,20180,9378,5604,3071,1001,439,225,120,83"
world,1966,"0,0,0,0,0,12,143,8972,55726,179797,525849,1569441,10295741,39170486,74926569,134987254,211639304,274374465,287805005,307127627,309735224,269064104,211046946,171998126,154389000,150311507,151696014,146768110,131537522,112751964,89502408,63437247,39129370,21445590,10794989,4673631,1931836,800657,314868,106641,50664,23230,10446,5989,3521,1045,471,236,119,74"
world,1967,"0,0,0,0,0,0,17,4832,43411,155390,504198,1605607,12184000,42544871,80307614,143983488,220749140,273771960,285331263,301361167,309935684,276768891,218057113,174389376,155034377,150403265,153708635,151074626,137351383,117781244,93896230,67012112,41673550,22995540,11719480,5141591,2132721,888035,353875,121418,53903,24546,10843,6049,3823,1064,459,229,103,68"
world,1968,"0,0,0,0,0,0,11,2172,29214,136244,483500,1722592,15035063,46724774,87803664,154276227,232648890,269191912,280738978,292835792,304450239,280637917,226700768,180417483,157945592,150997819,153873449,154668960,143970900,124044655,99928812,72054921,45415949,25099861,12874026,5717420,2371664,987763,401745,141189,60079,26301,11408,6285,4026,1123,471,235,105,62"
world,1969,"0,0,0,0,0,0,6,500,18319,105393,400851,1399647,12615479,43778345,83579111,148726270,228631101,271036636,283583573,294647969,308494908,294261610,242736130,190118395,163524999,153281499,153641188,155801594,148675718,130572163,106884420,78244982,50211763,27884335,14383444,6484008,2696830,1129178,474393,178310,76617,34541,13772,7299,4857,1626,728,397,195,111"
world,1970,"0,0,0,0,0,0,0,87,8651,63591,268299,1006210,6098422,32288782,69085587,126665766,205725397,285305359,303781010,317537956,330536724,310768924,253733153,197155744,168006780,155913632,154994613,158639901,154530543,138749234,113273130,82465919,52328393,28517075,14521437,6483383,2712395,1142225,485119,190813,84345,38473,14637,6910,4675,1757,589,318,161,80"
world,1971,"0,0,0,0,0,0,0,72,4322,47339,220235,878559,4962282,29631717,67007238,123191758,203370053,294074443,316104223,330474770,343808503,315358155,252086524,196877923,168734090,157393516,157802783,162234868,158612120,143478976,118069049,87163953,56332472,31164656,16054950,7316725,3094422,1319391,573537,236307,105233,48594,19598,9445,6083,2820,976,521,255,116"
world,1972,"0,0,0,0,0,0,0,44,1182,32427,187670,857972,6896191,34495514,73638839,135381375,219955583,301545931,318216559,335234869,346635907,309735778,243237793,193853796,168052515,156654464,157716921,162845340,161794565,148446545,123686745,93297224,61900095,35160792,18287417,8527594,3594250,1512843,648183,264124,108786,48785,18417,8201,5446,2482,620,318,148,54"
world,1973,"0,0,0,0,0,0,0,29,440,16793,133796,725287,4622682,27910917,65749015,123910062,205701853,303972856,330409544,347000173,360047442,324942693,255004922,200135910,172134670,157694526,157857097,164198817,166037375,155154245,131056709,100267897,67501870,38874402,20262936,9587815,4067313,1716567,740455,307501,124612,55084,21039,8680,6080,2995,737,385,185,72"
world,1974,"0,0,0,0,0,0,0,12,715,16066,124991,691811,5550755,30748883,69178006,130957128,214895693,310068686,333545350,351229113,361518820,323439816,254146123,202029793,175862981,161729406,161512815,169094358,170612853,159038082,134576021,103605918,70102276,40550230,21077029,9953780,4209205,1774432,770745,327269,138238,61222,23171,7848,5592,2977,572,305,137,48"
world,1975,"0,0,0,0,0,0,0,2,353,13646,112419,608890,4434616,28164417,66841595,127444548,211395228,312040910,339231530,354355603,368320118,338494121,268517577,210005248,182135161,166772514,165420716,174279901,176714044,164050515,137568896,104330210,69608508,39585261,20334688,9427350,3967547,1678172,727753,304801,127105,52711,18469,6937,5251,2287,418,215,86,32"
world,1976,"0,0,0,0,0,0,0,0,72,9134,91644,503457,6356540,33301177,72238766,138788913,223846999,309634760,332894715,349837705,363260299,337712008,272445594,215350595,188042353,171663944,167557363,175224885,179495071,167778911,142614617,110281350,75276291,44125276,22925422,10913295,4623177,1947769,842340,356057,142976,58692,20903,7117,5159,2436,417,180,76,29"
world,1977,"0,0,0,0,0,0,0,0,37,6019,73172,452979,5084393,30443322,68306752,133489825,217518240,308555067,336057845,351954241,367467733,352413552,289704624,226915882,195794283,176556855,169853398,175905354,181804683,170923233,146457529,114562240,79552164,47666185,24915443,11999521,5109874,2148349,934856,404372,163701,67751,24329,7253,4994,2887,415,142,60,17"
world,1978,"0,0,0,0,0,0,0,0,11,2788,52228,362624,2560073,21954288,58723454,116434272,199081441,306986435,351125380,366237741,384646904,372415306,306985080,236908926,201409027,180159422,170832084,174827332,183146076,174052037,150871136,119469688,84587566,51972095,27588125,13590687,5866383,2449429,1047958,438800,155981,59308,20574,7577,5226,3310,418,162,65,18"
world,1979,"0,0,0,0,0,0,0,0,0,1812,43016,332242,2102624,19456350,55971605,111784528,195835748,315797403,371703819,391869844,412627171,377465137,297313704,230387291,199300445,180312062,171387837,174125448,183043613,176591872,155119531,123834860,88353914,54536404,28898070,14195640,6128884,2563659,1109660,479170,182985,71624,24902,7348,4841,3582,283,109,25,4"
world,1980,"0,0,0,0,0,0,0,0,0,1480,36066,308937,1811619,17153940,52615604,105885571,189957345,310251888,378863566,400173643,423152431,393645121,312988412,240714047,206725330,185521130,174326235,176103201,184087280,178823778,158664991,127012239,90868928,56315386,29858738,14637507,6321460,2645132,1157474,524361,228868,101839,37880,8289,4508,3952,229,29,5,0"
world,1981,"0,0,0,0,0,0,0,0,0,1585,40696,311236,1939428,18649326,54218672,108720607,194921043,315635062,383266229,407429337,432183845,405532542,324826844,248941086,212754347,191021453,181014031,181829535,187250898,181463865,160413174,127716553,90724903,55764731,29351359,14271142,6103553,2544337,1114253,500609,214733,94001,33514,6295,4260,3798,0,0,0,0"
world,1982,"0,0,0,0,0,0,0,0,12,2360,55288,366572,1723815,12123553,48753689,104550703,175629525,302488795,397820730,430163711,455240493,425467865,342808854,258574062,218455195,194898148,183790920,181808703,186008717,182959682,164278778,129695759,92826431,57697735,30309808,14821838,6467324,2746267,1202509,530517,201601,70403,21669,4481,4167,3776,0,0,0,0"
world,1983,"0,0,0,0,0,0,0,0,164,4602,62361,387730,1836707,6712421,35256290,93780428,159374566,282146969,412484541,454427606,482830982,451565172,369934475,274407832,224046185,196364581,184401993,183278738,185858123,180361482,163747971,132420521,93806460,59414577,31925438,15934421,7153230,3072622,1310298,529450,167959,53082,13784,6336,5748,4809,0,0,0,0"
world,1984,"0,0,0,0,0,0,0,0,0,3071,55246,374647,1918181,5719920,22171750,75213631,136254940,244296221,408756340,492717950,531040052,487181563,390176083,285264144,229200507,199038974,185992860,182648506,186940377,183803575,165327860,134535713,96956415,62517253,34708076,17441383,7811478,3361594,1469290,618088,204389,51572,10605,5952,5399,4495,0,0,0,0"
world,1985,"0,0,0,0,0,0,0,0,166,3821,52166,373076,1907760,5888943,21263336,67208933,126966062,224931129,393552035,503313255,558065057,522477740,410144557,297369463,236723172,201679987,187175358,187285237,189992304,186886274,168795488,136933825,99514846,63863293,35567085,18095419,8309467,3615809,1565026,637873,202258,41367,9276,5259,4740,3972,0,0,0,0"
world,1986,"0,0,0,0,0,0,0,0,186,4617,53568,380049,1905912,5869066,21590522,63927956,121895808,214039904,377311983,504074887,572222063,548257744,425462824,307994133,245179687,207763459,191995800,190301077,191500720,190536683,175188817,142299830,104685173,68492615,39696226,20001646,9498216,4250148,1871396,787452,281176,53687,13140,6305,8055,9092,0,0,0,0"
world,1987,"0,0,0,0,0,0,0,0,2438,15784,80581,456225,2099623,5996013,20654904,62085396,119405627,205127161,366859453,509152410,594737405,583809244,448739112,321014181,251996961,209346800,189940003,187301199,187185466,187837849,174317242,146859466,110067451,73085855,43148556,21829361,10219384,4457186,1907063,797239,299185,72606,13101,4956,7717,8948,0,0,0,0"
world,1988,"0,0,0,0,0,0,0,0,512,14508,93962,514140,2248030,6392448,16347326,53029079,111361265,190821502,342435133,506700096,617493459,622816501,484304807,340673634,262307181,214465356,188774185,184687258,188661675,191641315,179622792,150829761,113712764,76300867,44970846,22610846,10790255,4891659,2141325,905429,348176,95901,17931,6981,7238,8148,0,0,0,0"
world,1989,"0,0,0,0,0,0,0,0,333,13719,93734,545432,2249764,6253007,15658119,61088026,132420635,242042527,406929732,525481513,592460985,574922349,460720658,337056563,265176631,218724157,190468037,181922502,186515194,192841754,183004057,158122173,119932189,79678340,46908705,23767923,11252718,5102041,2335630,1040915,420917,133808,24121,11358,15480,15439,0,0,0,0"
world,1990,"0,0,0,0,0,0,0,0,178,11854,108834,627668,2492715,6746402,15925763,60222225,131511030,239134389,405635631,532610055,609723429,595678226,476884092,348984003,274316855,225493727,197311669,187719172,186635134,188330812,182207027,158114105,120621601,81045343,47272017,23673171,10938636,4872982,2226543,986815,385083,97003,17748,9134,9213,9238,0,0,0,0"
world,1991,"0,0,0,0,0,0,0,0,122,10057,108889,659409,2643596,7267710,16885983,59326929,128892756,232873172,400447804,539623802,629003854,620001333,497635963,364595553,283269045,229517917,201897390,190774908,182791762,183072614,179919151,160294503,123746007,82418804,48106330,23585933,11116803,5053221,2294959,1020077,393613,92345,16164,9058,9407,7812,0,0,0,0"
world,1992,"0,0,0,0,0,0,0,0,349,16806,130768,785408,3112683,8164680,18067722,58840810,125325988,223615634,390670079,537464373,642453302,644651939,526333776,388017520,298802258,239425142,205642032,186281342,175454353,177859769,181170224,163356543,124884540,82739170,48669760,24223553,11479155,5161544,2286878,969556,346544,70728,9958,5524,5737,5001,0,0,0,0"
world,1993,"0,0,0,0,0,0,0,0,149,24195,170840,886374,3225017,8581375,21234537,58255732,118362228,220237422,382602340,537541510,655537761,663561971,554593147,414269182,317331996,249583098,206977896,181036190,169321811,174393111,177979548,162586279,125574024,82600485,48966178,24965051,11880657,5362283,2395680,1058486,446994,196395,80871,35642,36704,31893,0,0,0,0"
world,1994,"0,0,0,0,0,0,0,0,131,5431,87776,709552,3123051,9069934,19710151,49833917,107912338,199345992,345787139,522679459,683433037,706960680,596834630,444381916,330942197,253845572,205818879,179470655,168793799,174380648,181381200,167032558,129689553,85547518,50418944,25782171,12444687,5692295,2593104,1177462,516557,223138,81900,31831,33020,31570,0,0,0,0"
world,1995,"0,0,0,0,0,0,0,0,95,10365,122382,778558,3217256,9234208,19111518,43051633,97367243,188600008,325322684,504829499,693025787,733026311,621405362,461758240,343740179,264890287,215577787,186743027,175649526,178525732,183460280,171528859,134482357,89172095,53030477,27062757,13122137,6074907,2772061,1266611,568657,251341,101039,43033,41754,38183,0,0,0,0"
world,1996,"0,0,0,0,0,0,0,0,75,31527,164888,832958,3283717,9451719,19250515,37888176,86391011,178275726,309639798,489869304,696221111,760251193,653857095,492120230,367239611,275443378,217796687,185156227,173992190,178822074,186492069,174658018,135802700,90755953,54902676,28280472,13663167,6288575,2844436,1266373,563628,263536,113863,58596,61254,54789,0,0,0,0"
world,1997,"0,0,0,0,0,0,0,0,58,11440,125072,781702,3467998,9824122,19358250,39046903,90027367,182793779,314146463,492607075,695931971,757067911,654849493,497407196,377277157,287832418,228040240,191550652,178179585,181999746,189038451,176394533,139936208,93654193,56638485,29660734,14461284,6811995,3135568,1415059,636674,298453,132357,50523,28638,19183,4553,2532,1507,955"
world,1998,"0,0,0,0,0,0,0,0,24,21472,164586,852404,3412563,9696994,19625735,41415609,98167107,195674223,328942688,500494777,696026219,752351084,653895641,504032646,383957636,294280101,233476169,194650079,178266786,180145030,187394094,177439878,143541419,98638260,60344434,31678038,15210647,7098968,3291945,1458860,647507,300524,143707,79094,52024,37556,14765,9478,6199,4126"
world,1999,"0,0,0,0,0,0,0,0,11,8576,86203,656634,3249184,9702728,19744046,40942404,95595017,183125755,307690966,500841902,716101894,784735851,684675847,524367636,400611218,303080026,229815885,187968851,172671002,174601545,187086760,177841506,144975038,102470279,62522182,32977978,16267827,7827036,3631279,1658288,751087,354707,155017,69285,61810,55728,16110,6492,2865,1374"
world,2000,"0,0,0,0,0,0,0,0,89,8882,93448,709826,3507273,10337488,20084598,40558047,91439816,176405532,297020245,489199806,714215441,787797460,691087989,538939494,420726511,320873134,243868628,196021111,175827826,177812691,190610618,185641474,151700078,105775093,65099542,34572940,17034705,7921868,3647308,1642074,738281,346105,164616,96141,92510,82274,0,0,0,0"
world,2001,"0,0,0,0,0,0,0,0,37,8016,100938,658096,3393711,10030859,19866017,38577853,85468778,168546417,286849425,478762794,719423534,795647843,703007402,556220638,437709069,336821830,255540729,203180483,182670542,183049336,194368214,188071810,153991573,107449377,66875706,35647675,17599450,8239799,3748613,1690863,774568,368136,190544,112039,75303,54968,22950,14651,9461,6179"
world,2002,"0,0,0,0,0,0,0,0,3,2900,69443,588038,3203946,9327277,18135333,34666481,77180216,156542423,269852686,456631142,715426387,808856952,721188024,579830343,462345222,359401503,270973179,210982465,186567227,186199557,197593720,191946893,158111507,111344672,69140733,37030289,18189184,8434900,3870786,1752328,786093,357471,251579,214930,178658,141199,95315,65595,43102,27247"
world,2003,"0,0,0,0,0,0,0,0,30,23857,134727,654182,3150067,9132987,17737273,31634864,65600674,139276320,252622606,438175097,704537456,824086492,743002263,609402627,487721448,378850692,282693509,219125060,190711433,190916162,202591892,197132562,162614630,112485245,69820923,38529230,19167250,9253458,4297812,2018609,984909,513844,381414,316363,259301,203698,140208,96906,64155,40961"
world,2004,"0,0,0,0,0,0,0,0,24,2886,56620,500218,2705752,8452457,16331224,28947593,56412162,120563482,230411671,417328048,694665967,826620659,763157596,626242669,507836809,400403251,304177219,233718340,200894339,198985244,210657102,205235625,168862453,119751525,73907874,39237501,19337428,9353476,4337714,1992739,943172,468168,242288,140822,93691,66464,33005,21217,13689,8878"
world,2005,"0,0,0,0,0,0,0,0,4340,36228,142123,582755,2770195,8103786,16131977,27557529,49422710,103911686,208297882,385489588,668338664,833261794,789082778,652663514,528840901,423923565,328563356,251470364,211164052,205840615,216091556,209449326,174727807,122244958,75472056,41452879,20730193,10147086,4829771,2320412,1169340,682493,494132,375797,286812,214096,138051,93994,62159,40097"
world,2006,"0,0,0,0,0,0,0,0,261,10190,72426,503293,2209667,6819119,14244920,25510327,47921151,99601520,199407667,369337129,643422753,826517423,797689523,666952319,546539996,443906353,349272125,270596326,225518360,213799004,222251613,215551645,178297794,127758387,79389953,43808704,21945312,10794102,5204367,2507476,1218277,646621,486361,396861,316029,241923,164043,111041,72190,45377"
world,2007,"0,0,0,0,0,0,0,0,1103,15115,72578,339329,1504118,5031732,11886644,22849470,44148537,92012541,186672079,348807634,621140252,819488515,809682350,681826086,565192710,465904954,372421386,290288490,236528746,220072057,224409519,221703646,189310452,135433945,85204828,47469473,24056084,11968679,5750035,2723015,1309826,673482,373877,225941,152242,110393,58010,38190,25214,16725"
world,2008,"0,0,0,0,0,0,0,0,411,8913,64767,337527,1374907,4233629,10127934,20697012,41584130,88009255,178877954,335700173,600699956,811367368,822044442,696987709,576914929,481484794,390171255,312396701,256315552,232973070,234803832,225192114,192121683,137727219,86381213,47615691,23826777,11676020,5556911,2678760,1365717,763360,548459,414579,320158,241721,151599,101738,66177,42002"
world,2009,"0,0,0,0,0,0,0,0,581,12934,78398,394788,1514588,4365424,10332436,19887632,38196499,80997363,170525570,322839708,579203726,814412395,830192077,715137482,597374373,505899675,412380994,327923568,266890327,241067911,240180911,228662944,192131555,139221376,87468647,48030891,24038809,11377242,5147809,2405586,1210470,758120,553457,427002,331184,252286,166000,113115,74709,48084"
world,2010,"0,0,0,0,0,0,0,0,395,24179,108035,400487,1403866,3954825,8801859,17835115,34179066,71251874,153215644,300136876,538812637,781228738,841954988,744941846,627205681,536281180,442216581,354623323,288381920,254649721,250186637,235709339,197678148,141512011,88823862,48831387,24179090,11263578,5118961,2433524,1265197,817568,545658,380926,279577,209723,129462,88833,60385,40767"
world,2011,"0,0,0,0,0,0,0,0,187,5818,43139,300051,1314312,3720659,8370876,17076417,31955000,64428472,135565624,273231958,502834474,758000834,853916818,773861116,659417978,567435861,471213658,381148620,308074596,265025715,256037148,237649656,197779280,143012037,89604537,49496914,24917681,12014192,5670523,2773512,1447403,834414,617872,468157,357912,268787,175713,119168,78909,51422"
world,2012,"0,0,0,0,0,0,0,0,100,6138,50933,337049,1326606,3588916,7979925,15877152,29356278,58647724,123613354,257132007,476780090,736800287,855821230,795115537,680141920,588024324,498807303,404786770,328807997,280815210,263978458,244386779,201323571,145352791,91275099,50104507,25095427,12184071,5738937,2789697,1462462,846838,634351,485268,372468,278653,183253,123925,81582,52729"
world,2013,"0,0,0,0,0,0,0,0,253,7803,56776,344184,1331200,3531461,7305241,14139339,26072734,49487756,97582714,209969941,427956284,710951139,854570820,831603349,728588144,628035888,532531898,431817520,351164277,300657356,275775397,250993908,206038814,146140164,92115078,50788295,25599866,12451983,5946345,2962579,1568878,913663,659478,480189,349682,251977,164067,109864,72415,47279"
world,2014,"0,0,0,0,0,0,0,0,156,11056,86871,461029,1575719,3854497,7656942,14526922,25925090,48679241,95084579,197385754,400209611,684814363,854256305,839514321,749386230,652715331,557348443,454554405,370947210,314967922,285691020,256045835,209452588,146592950,92852222,52225178,26746236,13210639,6342682,3114294,1586799,899257,668992,504575,373741,267920,174688,115127,74232,47284"
world,2015,"0,0,0,0,0,0,0,0,412,8354,59790,329871,1347043,3643740,7552706,14701135,26640277,50001498,94200158,182965484,362627117,642027625,851349466,864067782,778545110,678897133,581969388,480963265,386638401,320404928,287305691,261855073,217686032,154436904,97686006,54909374,27907018,13885419,6787969,3374864,1745987,978413,706489,532092,395120,283277,182156,119580,76803,48753"
world,2016,"0,0,0,0,0,0,0,0,372,7605,49483,306885,1345603,3771139,7990815,15532508,27881066,51585218,93952065,175079280,336167579,601880834,842662586,884197030,803068769,701958479,602710222,498592017,401399295,330084302,293557479,265164716,222486822,163839090,102512164,58433892,30029981,14981786,7353522,3726337,1973275,1109324,777623,562256,409054,293292,191097,129719,87196,58408"
world,2017,"0,0,0,0,0,0,0,0,575,15286,84006,389075,1509692,3974498,8227919,16099772,28721404,52381463,93664888,167415080,314919743,570529441,832868349,903592137,824371563,714453294,617833406,516403395,419799494,345024943,301557433,271218611,227836589,168750274,107531564,61482999,31705806,15813618,7751007,3924531,2065385,1150266,689116,435560,292806,203079,129769,90804,64571,46631"
world,2018,"0,0,0,0,0,0,0,0,252,6215,45013,302076,1375404,3871174,8377634,16591870,29228353,52263087,92031106,162240040,296443519,532876436,819875336,912704561,844881113,736157102,642038348,539663519,435276819,355484072,309476860,278031191,232961983,173608143,110455857,64077860,33261444,16919162,8468163,4399339,2404282,1350292,788704,494057,326285,223199,142486,98413,69108,49318"
world,2019,"0,0,0,0,0,0,0,0,323,33047,107335,419333,1552433,4048305,8841651,17614974,30417032,53317216,92766989,160190577,286873046,508159973,800431190,926248336,863745604,748443415,653821032,551410483,449230837,365853814,313122241,280958730,241235887,179161318,117213316,69091236,36381148,18826376,9534205,4984008,2743592,1536036,874041,537146,349343,235867,151906,105593,74824,53898"
world,2020,"0,0,0,0,0,0,0,0,529,16835,76446,338671,1495819,4538769,9843412,19185952,33898350,57982849,99123627,171104454,302282321,521189696,816171869,942934154,873336337,758401395,659091615,543189318,430595449,346616306,303355475,281825469,241732119,184608048,121416469,72382774,37799787,19179151,9704135,5057551,2792382,1597747,1085372,777094,556408,393927,265081,182638,125435,86216"
world,2021,"0,0,0,0,0,0,0,0,940,26737,95453,366338,1518439,4555413,10110251,19655406,35179425,60238292,101343375,172659132,297891876,501025137,772951905,912059613,861292067,750584138,664631249,564892749,460072702,379089617,330340752,303299387,258633346,197328858,127463685,74609985,39268556,19722074,9845489,5130910,2824038,1625271,1107861,789802,558966,389708,255019,171911,115671,78166"
world,2022,"0,0,0,0,0,0,0,0,125,30624,103460,370452,1457700,4379397,9844105,19172412,34037088,59255804,101243489,168096332,285990278,475168857,757390117,931871779,893741566,771425603,671956295,572963996,472509371,389738671,337025665,308351495,260441628,199356322,128553484,75089763,38948897,19540540,9769271,5085070,2821905,1647361,1114764,775228,539583,372309,241699,162929,110118,74987"
world,2023,"0,0,0,0,0,0,0,0,82,7901,58955,304709,1370439,4212799,9588636,19010305,34795787,60136992,100597260,167926040,280985703,451078655,718082078,925198896,906156019,781969052,677962813,588030541,493812100,411404174,353636680,319226757,271142745,205003101,135285554,79205331,40938658,20819836,10472012,5371310,2902307,1655130,1001735,632184,413822,276253,176307,119305,81850,56966"
world,2024,"0,0,0,0,0,0,0,0,116,9147,63289,322084,1383109,4292180,9899940,19357555,34775396,60386396,101875388,167190113,273236799,437188324,693447590,919637120,919709729,798957595,689865558,599539140,506397294,424016384,364455812,327528471,277310160,210632640,139029311,81948861,42725841,21714230,11029535,5700092,3094707,1750370,1041483,651395,424160,282273,180568,122573,84444,59032"
world,2025,"0,0,0,0,0,0,0,0,91,8137,57976,296167,1400250,4398519,10046653,19662121,34834750,60663311,102345092,164701172,268460165,426544647,669387985,907763109,940799225,820022775,702091410,610379184,517772726,435552219,373600249,334502023,283719539,214763863,141819222,83899951,43722596,22210334,11256961,5792129,3104067,1754756,1190167,839455,581941,393965,253366,165698,108061,70890"
world,2026,"0,0,0,0,0,0,0,0,91,6031,46968,248825,1220191,4009323,9476243,18978565,34125301,59004867,99558442,158894788,253080880,398702698,613609403,870446518,958920024,860190995,728786816,632455503,539785447,454853040,385670995,338652880,288312504,221003355,148874355,89941677,48050648,24310987,12301275,6137537,3132725,1623803,831921,519036,351080,246597,149955,102832,72545,51885"
world,2027,"0,0,0,0,0,0,0,0,34,5024,43412,210404,1053992,3685938,9006481,18284121,33337390,57586711,97452143,155596431,244281845,382011436,579704222,846163099,974267457,896393947,756047750,651665080,554537679,466908008,395091650,345647356,294853656,226002628,152644010,92350279,49373537,24916571,12579206,6281013,3205596,1664427,854852,531678,358755,253348,155816,105898,74866,53658"
world,2028,"0,0,0,0,0,0,0,0,8,3914,36880,179918,964956,3535678,8790902,17870824,32634387,56290458,94783486,151024991,234403365,363111534,544017239,806191425,974969508,927224268,784495782,673213673,575953168,486540736,410532456,355191204,303388418,233822913,159264874,97161397,52707798,26657458,13468590,6728781,3429100,1780716,905067,551914,369441,260740,162024,108112,76200,54479"
world,2029,"0,0,0,0,0,0,0,0,0,3266,32296,156427,835048,3224384,8323655,17154924,31670544,54621231,91781798,146246913,224977423,347958693,523823666,780903860,972929381,946134566,804017692,687932219,593419358,504968866,426455467,366293710,311926229,241781240,165944947,101967092,55907949,28415910,14398749,7209539,3667788,1907300,967752,578203,384689,271343,171806,112804,79477,56823"
world,2030,"0,0,0,0,0,0,0,0,8,3807,34401,167935,907286,3406638,8666317,17861991,32931920,56700073,95160490,150764473,230183817,350232213,519772009,768500524,971827663,961047914,817276113,694191065,599827606,512822763,434284865,371529989,313849829,242138564,165498785,101704902,55902981,28466566,14412157,7226095,3680689,1915939,973899,583553,389580,274899,174460,115120,81361,58342"
world,2031,"0,0,0,0,0,0,0,0,8,3330,32070,156170,839748,3213104,8317572,17331002,32209170,55586217,93674000,149324307,227081736,343873474,508900669,753581298,976224012,984062595,843134429,710071603,609650594,517834542,437452306,374618473,317781671,246434868,169002793,103830304,56968529,29006207,14681198,7363253,3749180,1953044,995751,594462,395710,279423,179291,117192,82880,59439"
world,2032,"0,0,0,0,0,0,0,0,8,2714,28850,140059,750501,2983205,7919602,16756432,31419445,54393720,92071065,147743338,224420428,338920224,499776093,736206639,971116088,999173076,862681398,723222519,621458064,529322503,447763570,382862539,323727978,251471066,172908449,106394250,58412005,29712057,14991193,7521320,3831496,1997017,1017881,606217,402933,284456,184357,120220,85263,61400"
world,2033,"0,0,0,0,0,0,0,0,8,2027,26071,129748,691567,2881004,7859933,16740420,31524045,54601201,92150840,147216206,222188493,332941429,488587181,715957019,963156170,1013853694,884458070,738402006,634139692,540490763,457128036,389712451,329339645,256430120,176597460,108852687,59957662,30459011,15305174,7670444,3904264,2033925,1040015,618371,409255,287796,187680,120599,85063,60983"
world,2034,"0,0,0,0,0,0,0,0,0,1871,22825,115035,621265,2673929,7471502,16186926,30754910,53463988,90544406,145420798,219339264,327638730,479855645,701785284,961517241,1032174889,910402047,756206874,644546081,545903660,460127175,392155228,331749943,260024747,180419936,111994607,62273776,31832799,16104978,8097658,4113504,2152946,1102853,646703,427484,300202,198157,126832,89338,63998"
world,2035,"0,0,0,0,0,0,0,0,0,1274,20343,104218,570587,2577155,7379288,16054024,30522206,52914834,89384657,142984253,216238281,325193453,480596458,703428882,962517359,1036586115,914278253,760364652,651023798,555220801,470035748,401094256,338372489,265239477,184264988,114642126,63811308,32611061,16459622,8273574,4204708,2199605,1125420,657579,433974,305590,205753,131846,93663,67773"
world,2036,"0,0,0,0,0,0,0,0,0,1009,18677,96564,505905,2367460,7011507,15533232,29815207,52018519,87961116,141244297,213373704,319370812,470806117,685127568,950496089,1047622279,936000721,776692194,663379631,566031499,479721268,409043075,344804405,271699107,189655911,118024935,65816395,33587684,16889932,8467201,4293570,2242154,1148670,670082,441173,310186,210081,134406,95399,69087"
world,2037,"0,0,0,0,0,0,0,0,0,958,17773,88038,452870,2176273,6607969,14921623,28922273,50810311,86240885,139444739,211401792,315234664,462097042,668559900,941131923,1060801204,962972476,799913966,678587168,575558763,485292549,412572554,347368284,274050451,191612727,119518753,66750788,34110411,17167134,8621517,4376911,2290163,1169111,612166,365785,243903,160851,96761,68617,50499"
world,2038,"0,0,0,0,0,0,0,0,0,586,16047,80933,413994,2089029,6532508,14870673,28905881,50750780,85853899,137790378,208159464,308931638,451569999,650969761,924923884,1068108116,984590552,818416428,692046337,587275849,495326683,420997108,354289062,280085904,196316618,122491990,68399481,34899649,17517154,8779293,4452982,2329461,1189926,625409,373905,249258,165773,100013,70717,52075"
world,2039,"0,0,0,0,0,0,0,0,0,522,15270,76168,360665,1879159,6113375,14231223,27992634,49551294,84163683,135817346,205798238,303920351,443275694,636442010,907995423,1070567713,1002077822,836049731,705857739,600706141,507585141,431353130,361486705,285902011,201034901,125446345,70255284,35842491,17946509,8975864,4551292,2375392,1213075,636880,378388,250839,169160,101371,71169,52455"
world,2040,"0,0,0,0,0,0,0,0,0,441,12992,69002,321894,1719634,5740731,13639600,27145242,48456853,82398287,133963590,203735866,300055232,436065835,624096146,896968191,1079530901,1025569310,857982766,719281163,608095423,511394915,433139842,363998607,289401941,204616510,128695306,72792649,37404529,18843692,9463182,4802826,2510162,1287629,669860,395974,261250,176254,106452,74309,54723"
world,2041,"0,0,0,0,0,0,0,0,0,251,11764,63491,291793,1632602,5642179,13541849,27020421,48222157,81841959,132278438,200599549,294300495,426287807,608492315,874650665,1078307716,1044202174,879683482,734652251,622258390,523809276,443513651,371434262,295080827,208855102,131413827,74386371,38224829,19250376,9660718,4906256,2568645,1321662,689142,406729,267476,182261,110366,76673,56544"
world,2042,"0,0,0,0,0,0,0,0,0,226,11005,59457,261368,1469508,5285142,12988297,26217320,47263528,80542244,131200630,200259320,293773573,427178549,609487417,872368384,1077461552,1046956489,883951977,740309296,630266944,532591077,451628792,377992986,300384698,213668936,134574044,76410287,39249342,19714160,9862245,5006678,2619116,1349188,706210,416595,273463,187409,114372,78912,58186"
world,2043,"0,0,0,0,0,0,0,0,0,210,10343,55396,234865,1326812,4917655,12361999,25229562,45858287,78192688,128076910,196747191,288765136,420692650,600028041,859759299,1081756272,1068429127,908084901,755531808,639578132,538214429,455354897,381638096,304007936,216760402,136646271,77615977,39928376,20062532,10043564,5100853,2669250,1376742,721509,424467,277926,191363,117975,80580,59468"
world,2044,"0,0,0,0,0,0,0,0,0,198,9594,51884,215739,1251920,4816542,12289331,25153279,45684831,77647098,126402838,193306008,282540112,410733913,585761588,837289303,1076209371,1085290011,930505405,771400104,653841012,550933603,465944195,389121491,309417080,221001182,139461623,79271765,40778851,20483032,10235497,5199914,2722933,1411550,744768,438946,287781,198926,124316,84497,62351"
world,2045,"0,0,0,0,0,0,0,0,0,169,8845,48793,195072,1131382,4484015,11693090,24229988,44372471,75588718,123980163,190567073,277551124,402322942,572685654,816032993,1068865452,1100064227,950750110,786014921,666687202,562727329,475893414,398092939,316720057,227231986,143361923,81791667,42074673,21068566,10489679,5327491,2788633,1447559,765816,449906,293719,204147,128886,86632,63851"
world,2046,"0,0,0,0,0,0,0,0,0,169,8451,46540,178036,1013810,4171769,11153645,23418968,43217224,73734819,121647666,187744893,273715704,395832651,562070176,799184066,1066720877,1119972380,979043494,805752018,678889916,569477120,479771887,400444346,318443140,228708284,144268388,82293361,42350677,21222414,10574416,5372832,2812511,1460525,774034,455028,296915,206488,131262,87985,64925"
world,2047,"0,0,0,0,0,0,0,0,0,160,6735,42051,158221,923603,4004181,10995356,23234286,43016068,73383409,120921047,185967979,270463801,390274462,552276054,780279180,1053068249,1127121335,996172002,819188919,690357971,579915501,488447413,407952072,324921698,234720960,149294717,85911429,44543204,22454190,11206503,5694720,2984135,1560960,821073,480368,311565,216410,139337,92633,68098"
world,2048,"0,0,0,0,0,0,0,0,0,160,6352,40260,146198,840220,3741259,10488784,22446030,41931779,71787284,119014234,184369040,267890518,384743475,541580349,760701874,1038582416,1136117900,1016627250,836324821,703306031,591680281,498781683,416326566,330694161,238994898,151872875,87441133,45414627,22898599,11403867,5797723,3039186,1592002,838786,489265,316447,220178,142511,94586,69300"
world,2049,"0,0,0,0,0,0,0,0,0,159,6151,39165,136492,777885,3615208,10359082,22266463,41587715,70960659,117487744,181256312,263681483,379719807,538915923,763191388,1046887109,1148561451,1027910991,844590051,707903960,594325401,500413676,417988115,332500629,241275205,153517663,88696115,46110914,23223985,11572233,5885253,3088934,1622216,858072,500608,323536,225063,146826,97439,71327"
world,2050,"0,0,0,0,0,0,0,0,0,126,5821,37523,126038,671243,3255115,9694191,21262035,40206521,69001376,115048510,178508295,260896777,374915051,531450939,744679779,1026620915,1151107599,1046590898,863059996,722744294,607100893,510971781,426957231,339162412,246615363,156995726,90736873,47149865,23721567,11783372,5983071,3136328,1642522,866502,504004,324317,225535,148482,97931,71476"
world,2051,"0,0,0,0,0,0,0,0,0,115,5280,35810,116778,602592,3002115,9153605,20431720,39011357,67396733,112610205,175563111,256980463,368183810,520563446,727616565,1011405769,1158104228,1070801437,887383509,738721325,617152448,516802238,431065694,342769998,249870868,159362727,92109995,47932840,24123283,11989897,6091001,3191478,1675582,886363,515027,330529,230152,152829,100658,73347"
world,2052,"0,0,0,0,0,0,0,0,0,114,5135,34947,109824,548326,2860165,8961445,20138125,38570692,66433185,111003670,172168470,251797073,359911137,508567041,708786095,988644347,1158702827,1089703594,908783161,755177347,631862333,529283519,441207972,349266981,254580170,162221756,93848106,48891474,24613130,12225275,6208733,3253985,1710650,907120,525988,336913,234319,156769,103121,74782"
world,2053,"0,0,0,0,0,0,0,0,0,112,4860,33639,103911,473253,2548518,8331709,19168945,37176773,64653261,108715959,170181981,250089201,355740860,500531478,693831030,967650577,1156439077,1105616467,927774240,770097259,645102330,539345286,448827098,354870702,259279275,165315418,95774608,49964819,25130259,12459627,6316153,3311511,1743769,927008,539345,345036,239796,161857,106549,77175"
world,2054,"0,0,0,0,0,0,0,0,0,102,4459,32643,99029,429081,2344553,7838835,18368897,35977216,63118464,106155908,167252617,246890745,351251294,497016202,693482907,971513693,1164980611,1114757319,936185762,775746339,648594066,541793627,451587178,357907765,262229229,167768017,97369494,50887545,25593506,12689462,6431191,3366289,1773995,944059,549311,350350,243195,164459,108975,78503"
world,2055,"0,0,0,0,0,0,0,0,0,101,3451,29710,90438,379443,2188904,7604052,18010851,35331353,61948717,104209070,163646731,241576974,343115406,485672153,676660202,947859566,1160909117,1131325526,957475482,790965796,661564608,552329777,460351252,364620962,267925701,172465427,100734549,53089443,26876236,13380196,6783330,3552416,1876156,994549,574356,363552,251434,171057,113428,81044"
world,2056,"0,0,0,0,0,0,0,0,0,101,3414,28905,86488,343371,1983879,7134314,17287470,34337369,60742232,102389847,162048417,239898488,338933813,477514333,661834038,927854257,1159271690,1149900343,981415623,807406889,672313891,558106719,463979799,367669972,270635924,174292688,101953492,53712411,27193540,13544068,6868913,3598549,1902869,1010908,585820,370916,256162,175147,116731,83237"
world,2057,"0,0,0,0,0,0,0,0,0,108,3321,28391,83626,314136,1800437,6634751,16434597,32987128,58896875,99317231,158396788,235518445,333002514,468218556,647289569,902620085,1148911006,1162665251,1002370414,823870129,686841471,570201781,474157569,375408156,276808466,178835054,104735956,55352259,28000130,13920872,7044823,3690228,1954538,1040426,603298,380717,262615,180419,120502,85487"
world,2058,"0,0,0,0,0,0,0,0,0,92,2992,27312,80661,284267,1686575,6457667,16175633,32559303,58237202,98120252,156212194,231734982,328088119,462496400,640223130,887779827,1143239403,1176612516,1024210969,838078240,695304780,574845982,477332455,377942569,278991011,180753652,105972439,56094878,28395575,14138139,7161514,3755678,1998938,1070138,623481,393280,271227,187355,126589,89420"
world,2059,"0,0,0,0,0,0,0,0,0,92,2972,26876,78078,266979,1545323,6035875,15444147,31468867,56761863,95650771,153531069,228603754,323563186,457097245,635960900,885312909,1144464954,1181267490,1028764337,844050263,703283786,583127518,484939760,383818054,282896955,183403653,107621652,57069638,28875730,14363124,7257667,3802898,2024279,1084835,632155,398667,274863,190111,129033,90989"
world,2060,"0,0,0,0,0,0,0,0,0,92,2958,26343,76204,243170,1365615,5543947,14586239,30088949,54839429,92597496,150021465,224827299,319013716,449501647,623623555,865214537,1135339333,1194983264,1053804942,863302574,715391091,590380842,489390945,387734675,286473919,185921488,109100341,57850680,29306833,14594900,7386459,3872717,2064633,1109580,647009,406185,279338,194334,132241,92942"
world,2061,"0,0,0,0,0,0,0,0,0,91,2914,25805,74377,223397,1254438,5311594,14263988,29538608,53900453,90854278,147266593,220197754,313070732,440301301,610715093,843975566,1120640229,1203661503,1074308198,880795137,729079382,601731045,498885316,394529055,291052463,189251457,111038551,58992737,29913543,14902918,7526900,3947394,2107618,1136481,663748,416075,285778,198934,136372,95717"
world,2062,"0,0,0,0,0,0,0,0,0,90,2818,25345,72765,212119,1159945,5001404,13646777,28631119,52747249,88966281,144941110,217165648,308221664,431509959,598242185,826171858,1110029147,1214915806,1097955051,900876126,741865853,608448674,502196181,397166179,293637232,191510453,112581130,59936056,30358485,15119923,7639165,4006927,2139390,1154357,675045,423133,290451,202186,139274,97645"
world,2063,"0,0,0,0,0,0,0,0,0,90,2547,24611,70538,195872,1023227,4580848,12914627,27528670,51254282,86777836,142086252,214038650,304693172,426606125,593446949,821278976,1106348033,1217816700,1102353087,906639843,748873247,616743868,510671529,404136787,298317433,194846849,114608877,61188176,31032536,15473272,7835148,4119156,2204460,1194357,699236,436637,298977,209406,144577,101542"
world,2064,"0,0,0,0,0,0,0,0,0,88,1790,22340,65684,177911,918703,4338536,12577709,26976974,50362920,85091254,139504771,209682955,299477327,418633947,581988674,803829351,1092351409,1224857224,1124307960,926305228,760722906,623656664,514545261,407744062,301741649,198217357,117229849,62977411,32121495,16093539,8164484,4287034,2296789,1233790,730654,461881,318747,224566,156527,110688"
world,2065,"0,0,0,0,0,0,0,0,0,87,1779,22094,64145,165727,809585,3925755,11727868,25646219,48391479,82165651,135583753,205358482,295146623,412938515,574944510,789322120,1073693979,1225124962,1140041568,944206198,774519663,635022431,523337106,414346228,306353567,201699031,119246463,64134607,32699649,16368657,8271930,4337007,2319732,1247440,739684,467684,322250,227013,159030,112384"
world,2066,"0,0,0,0,0,0,0,0,0,76,1755,21692,62855,160317,739357,3645818,11152587,24802233,47300811,80833567,133563878,202821657,290717968,404393246,562697911,773230820,1057477745,1228808994,1160389027,965324866,787865439,643918258,529131256,418484071,309440171,203986487,120696844,64948975,33156952,16619468,8410075,4414808,2365821,1275877,756798,476931,327728,231635,162542,115335"
world,2067,"0,0,0,0,0,0,0,0,0,75,1485,21069,61359,151891,657478,3396631,10751223,24142539,46213666,78934453,130598543,198070927,284544863,396466899,554820474,766003981,1051848650,1230815628,1167142119,973943259,797409475,653430327,537462100,425576464,314311021,207749531,123066492,66442671,33867902,16949761,8538025,4478482,2400162,1296768,770133,485838,333782,235942,166321,118289"
world,2068,"0,0,0,0,0,0,0,0,0,73,1424,20659,60038,144457,583300,3056825,9960005,22856663,44216943,76153535,126487339,193954165,280848461,391384882,546270914,752076854,1035761499,1233203584,1187082331,995932236,810291426,660771230,541278864,428716720,317398050,210261772,124600643,67317546,34348035,17209313,8681618,4559917,2448288,1326582,788625,496305,340343,240801,169794,121291"
world,2069,"0,0,0,0,0,0,0,0,0,73,1414,20537,59118,139356,516717,2725668,9216056,21681315,42430924,73793649,122812645,189881971,275843253,384415208,536474951,737064590,1013953157,1227204781,1200618429,1015149761,825102916,674110808,552492305,437570151,323004401,214144954,126851907,68653090,35080158,17594660,8858098,4652013,2495393,1352606,803388,503656,343790,243527,172280,123191"
world,2070,"0,0,0,0,0,0,0,0,0,73,1406,20319,59131,140039,498178,2656050,9131826,21489472,42058891,73092672,121507821,187654524,272228969,377974648,525316447,720992840,993770624,1224957471,1219340893,1039233788,840624236,683349825,557311398,440272903,324837112,215558977,127774149,69155860,35366983,17756884,8947840,4701236,2517693,1365478,810368,508049,346281,244933,173084,124067"
world,2071,"0,0,0,0,0,0,0,0,0,73,1384,20136,58133,135309,450678,2398567,8464768,20393474,40369633,70886043,117889999,183752602,267789343,374003815,521994636,720133072,991410848,1223147228,1219477618,1040738931,845150927,690501852,565492685,447999079,330469667,219679461,130378035,70738919,36223460,18191951,9150160,4812462,2579676,1401990,833472,521894,354652,250772,177704,127913"
world,2072,"0,0,0,0,0,0,0,0,1,78,1379,19917,58021,135959,423508,2168948,7844279,19278161,38546015,68440800,113953020,179284948,262182953,367299647,511914589,706441161,972357280,1218244419,1236723726,1065468079,861858783,700903441,570829774,451780497,333808494,222458147,132187985,71830798,36766320,18456372,9281671,4878599,2614197,1421771,845566,530179,360365,254836,181147,131147"
world,2073,"0,0,0,0,0,0,0,0,1,77,1170,19355,56226,130679,385181,1906690,7148668,18060424,36700448,66174964,110561626,175848048,258130178,361702235,502639912,692955928,952738618,1209509232,1247212542,1083194074,876026823,712325223,580286961,459605709,339370642,226551447,134689983,73279083,37578149,18900171,9501697,4992517,2681068,1463064,870774,543855,367556,259772,184366,133386"
world,2074,"0,0,0,0,0,0,0,0,1,76,1123,19174,56177,133127,380200,1849325,6960041,17681148,35915653,64742174,107911429,171784923,251702296,354397052,493599128,684850933,947128587,1210575601,1255541567,1094304788,885988885,719858468,586169256,464323286,342628889,228774189,136106686,74170038,38057078,19152399,9640961,5065582,2717747,1486203,885679,553346,373686,264457,188107,137069"
world,2075,"0,0,0,0,0,0,0,0,1,75,1090,19063,55828,134053,375909,1735196,6601802,17004555,34867436,63378270,105642842,168805031,247260279,347837494,482791035,669181564,925248143,1199272435,1268121358,1119527456,906036930,732676697,593648078,468563815,345294244,230669670,137359298,74840500,38444049,19364455,9755953,5124508,2744102,1501148,896124,560647,378605,268085,191549,140248"
world,2076,"0,0,0,0,0,0,0,0,1,75,757,17025,51646,126399,348612,1571021,6073689,16006089,33240925,61045847,101848504,164078160,241857928,342088469,474359899,657780598,906352624,1185365759,1273323547,1135628081,920371031,743655108,602745172,476979005,351950244,236424457,141584261,77714450,40110447,20261015,10198454,5348353,2858117,1550903,920489,574192,385934,272840,194938,142511"
world,2077,"0,0,0,0,0,0,0,0,1,67,739,16890,50688,122484,326472,1395640,5516400,14920876,31508736,58662236,98509639,159981976,237707384,338119385,469990342,655301118,904304800,1186546822,1278102362,1142568513,927044578,748777918,606172905,479680525,354463572,238338830,142963695,78498794,40528026,20486060,10320392,5411479,2891333,1569187,932166,581554,390695,276014,197416,145056"
world,2078,"0,0,0,0,0,0,0,0,1,67,557,16342,50103,124206,326826,1335567,5339974,14622172,30896652,57433121,96139105,156245617,231516383,330216922,459026728,641636966,885429317,1171762914,1283333236,1160813927,943581161,760654704,616060026,488057603,360697777,242712502,145760885,80155534,41455252,20972169,10559786,5530504,2957106,1617235,1002772,655137,457607,334528,246265,185400"
world,2079,"0,0,0,0,0,0,0,0,1,66,553,16263,49100,121182,321785,1260608,4942764,13649237,29305166,55055342,92692122,151678074,226322962,324187604,450545926,628251804,866205033,1155664692,1289204585,1183989715,966037957,775037508,624541458,493010414,363712806,244767617,147029253,80996583,41878190,21174668,10681338,5602451,2992692,1635562,1013611,661988,461611,336991,247976,187024"
world,2080,"0,0,0,0,0,0,0,0,1,64,552,16151,48280,117697,306067,1147615,4560448,12830818,27948457,53053428,89835420,147481662,221374759,317805817,443404086,622251588,864542638,1159752005,1296495700,1191096212,971052334,778671365,627981815,496328151,366425196,246831385,148531519,81886870,42400950,21473575,10851326,5699041,3047945,1667675,1033657,673046,467571,341117,251345,189414"
world,2081,"0,0,0,0,0,0,0,0,1,63,510,16002,47458,114355,291670,1040156,4152663,11954611,26554167,50932283,86988306,143077113,216496785,311387136,434553524,610435368,847401844,1140554908,1295470437,1208493414,990842813,792343063,638408192,504664716,372337582,250778653,150966310,83264691,43149434,21840200,11021251,5782498,3095770,1696597,1051668,685006,475847,346932,255580,192806"
world,2082,"0,0,0,0,0,0,0,0,1,62,507,15917,46944,110632,275123,967352,3949789,11602548,25977008,49965565,85318649,140569019,212640140,305734365,425568835,596608124,828864897,1122199524,1296329122,1227209929,1011753344,806447134,647429900,510126211,375687854,252858689,152381258,84127268,43613715,22089096,11161559,5861881,3140678,1722971,1069126,695558,481514,350767,258886,195591"
world,2083,"0,0,0,0,0,0,0,0,1,62,489,15796,46353,108633,263496,879204,3569491,10707484,24525187,47775349,82345931,136180530,208040328,300667664,420406909,590587205,821463385,1117596530,1298573801,1233147766,1018140323,812632099,653731606,516295716,380703587,256239199,154646174,85350881,44278864,22443753,11331308,5938642,3182332,1745336,1082687,703324,486669,354204,261431,197695"
world,2084,"0,0,0,0,0,0,0,0,1,62,485,15711,45623,104961,247452,785086,3189995,9852018,23036199,45385776,79021928,130932951,202186079,293011867,410896470,576957056,804437018,1098478304,1296948661,1252413529,1041671256,828554916,664152125,523154811,385433796,259328716,156618799,86559893,44974912,22811654,11531589,6049836,3241234,1774346,1098557,710743,488682,355390,261968,197906"
world,2085,"0,0,0,0,0,0,0,0,1,59,345,15208,44623,102700,241767,749496,2984019,9262881,21990077,43758984,76625914,126629097,196911368,285341777,400825245,561609076,784409663,1075657572,1293619490,1273585846,1069628855,847591922,675715564,529659776,388958905,261243539,157758683,87245722,45283519,22942508,11599187,6083572,3258883,1784897,1105275,714336,491361,357428,263763,199448"
world,2086,"0,0,0,0,0,0,0,0,1,59,342,15118,44130,103425,245774,738517,2903597,9118658,21725911,43153394,75348519,124302795,193289772,279443422,394516689,555375667,780888654,1072233703,1291439535,1273280761,1070256251,850986098,680742147,536236600,395178122,266073358,161136589,89345595,46495325,23556206,11902073,6230514,3340698,1829911,1133657,732891,501965,364363,269017,203547"
world,2087,"0,0,0,0,0,0,0,0,1,59,338,15035,43765,100732,235322,687964,2626436,8318545,20246957,41047284,72898117,120796828,190061852,275586388,388235248,543452123,761401824,1046998498,1282867513,1289105831,1095585611,870161134,693008957,542972269,398675174,267819216,162126266,89893625,46797081,23730665,12003357,6287304,3375592,1854128,1150212,743134,509267,369328,272534,206086"
world,2088,"0,0,0,0,0,0,0,0,1,59,335,14946,43465,98279,225377,640897,2399818,7692326,19041411,39079934,70140369,116085554,184300444,268198416,380108938,534251803,754212358,1043945903,1286653786,1298652663,1105406375,878094557,698917783,547304205,401627818,269711998,163329921,90651207,47184310,23910655,12104241,6366912,3424832,1885140,1171876,758486,520574,377871,279145,211388"
world,2089,"0,0,0,0,0,0,0,0,1,59,303,14799,42929,95592,214933,592282,2154644,7040582,17793256,37087765,67291817,111556835,178727802,260636934,369780165,518576632,733236715,1017199715,1275279932,1311958972,1130638217,898419542,713878445,558087846,409557568,274965923,166795149,92632225,48363161,24556395,12437128,6534469,3519669,1939094,1205877,778999,532953,385590,284897,215372"
world,2090,"0,0,0,0,0,0,0,0,1,58,288,14704,42606,93793,208317,563221,1989745,6440221,16500834,35142018,64661672,107535673,173841585,255366332,364033332,510463768,722794611,1000960764,1264287837,1318533004,1148908506,913922925,724202617,564690894,413884148,277597518,168400190,93553462,48809793,24755718,12530945,6581214,3543780,1952524,1213603,783885,536188,387717,286721,216804"
world,2091,"0,0,0,0,0,0,0,0,1,50,284,14613,42249,93520,208054,548582,1911766,6290453,16288293,34811933,63924277,105932677,171157730,250714918,357847587,501971876,713094668,991944133,1261311036,1323819971,1158282781,922380246,730350160,569205464,417004578,279413377,169492166,94228444,49182233,24958913,12646203,6647629,3582076,1973195,1222833,786387,535084,386407,285452,215800"
world,2092,"0,0,0,0,0,0,0,0,1,50,281,12738,39377,90160,204608,538035,1784827,5875024,15429650,33335537,61520600,102036521,165800735,244798582,350443109,491324641,697441459,970398877,1247174337,1328006398,1175444784,938399863,742689494,578961093,424832653,285088358,173714606,97059378,50894055,25894968,13109516,6862132,3694744,2024017,1244711,800861,544688,393044,290029,219326"
world,2093,"0,0,0,0,0,0,0,0,1,49,280,12235,38523,91160,213397,559844,1762371,5624336,14751334,32118543,59313285,98126781,159892441,238314243,343086522,482364619,687670207,962612505,1245519848,1333753433,1185881563,947653161,749953110,584372144,428735154,287732141,175552533,98215386,51544638,26249898,13307566,6972796,3756392,2059532,1266393,814198,552026,397563,293106,221559"
world,2094,"0,0,0,0,0,0,0,0,1,47,277,12158,38186,90308,210333,542692,1641053,5209392,13813456,30551356,57015639,94883904,154823545,232929565,336037066,472594132,673312625,944290227,1231624004,1338683385,1206221436,966597997,762171959,592060808,433395945,290356685,177023475,99058707,51974305,26466718,13416021,7029483,3786370,2077157,1277436,821656,557059,400925,296311,223699"
world,2095,"0,0,0,0,0,0,0,0,1,47,273,12085,37808,87423,200108,511425,1503025,4782628,12897135,29050448,54945549,92210037,150491058,228228101,330492863,466729476,666879320,938609640,1230203662,1342578533,1213054034,971655728,765976500,595292620,436456086,292980714,178835903,100371622,52700351,26822372,13600034,7128886,3840378,2104388,1293882,832137,563595,405371,299448,226309"
world,2096,"0,0,0,0,0,0,0,0,2,50,272,12013,37515,85312,190840,479140,1391306,4396120,11927137,27311157,52327708,88533067,144548782,221358117,321028490,453798247,647637879,914481926,1212473670,1346415496,1235144236,994753270,782377067,606973348,444536740,297601535,181733156,102043762,53676527,27341615,13864826,7253327,3912350,2144558,1318993,849208,575264,413452,305409,230755"
world,2097,"0,0,0,0,0,0,0,0,2,50,249,11928,37193,85274,192018,477662,1345920,4255179,11648208,26764452,51356960,86755856,141404286,216416652,313651150,445426657,637123413,902827968,1198867527,1344839478,1247676543,1009815719,792449311,613533696,448803544,300291891,183292976,102974877,54168352,27591322,13991052,7349456,3967999,2177094,1339400,863033,584538,420227,310464,234637"
world,2098,"0,0,0,0,0,0,0,0,2,50,246,11846,36932,84408,188108,457917,1240813,3853888,10682814,25018084,48847766,83561166,136212331,210670706,306024627,436796487,627237021,893467929,1193974017,1348507395,1258004035,1020504421,800728505,619504858,452967654,302741496,184795133,103919974,54715024,27915789,14182130,7459882,4031648,2220067,1368752,883081,597705,428999,316967,239927"
world,2099,"0,0,0,0,0,0,0,0,2,50,213,11723,36604,83219,182468,435023,1160969,3534935,9852149,23473668,46604788,80811702,131879676,206188879,300280591,427920148,610795068,869253325,1170865187,1344908997,1273990522,1041426424,816697049,631417086,461860710,308289595,188262429,105935631,55873311,28496947,14445293,7568373,4086336,2247905,1384273,892501,602894,432265,319335,241645"
world,2100,"0,0,0,0,0,0,0,0,2,48,209,11643,36352,82060,176758,411919,1067562,3190144,9016647,21913041,44296820,77764909,126859113,200121925,292624909,419609213,601984036,863747033,1167750044,1347291642,1282170254,1050782082,823932976,636523932,465301040,310388947,189384738,106573390,56224969,28682026,14542684,7620853,4113972,2263895,1394418,899185,607216,435884,322438,243758"
